filer,filingYear,name,nature,grossIncomeReceived,address,businessFmv,businessOrTrust,realPropertyNameOrAddress,realPropertyFmv,realPropertyInvestmentOrProperty,realPropertyNature,formUrl,legislatorDigitalDemocracyUrl
Cecilia Aguiar-Curry,2024,JMA Properties LLC,Partnership,"$10,001 - $100,000","27397 County Road 91A, Winters, CA 95694","$10,001 - $100,000",Business entity,"JMA Properties, LLC","$10,001 - $100,000",Property,Partnership,https://wcfweenxfcmsichcbyki.supabase.in/storage/v1/object/public/pdfs/6c10ffb6-f61e-483c-b7e1-050d76e1456d.pdf,https://digitaldemocracy.calmatters.org/legislators/cecilia-aguiar-curry-101332
Cecilia Aguiar-Curry,2024,"Slough View Farms, LLC",,"$10,001 - $100,000","27397 County Road 91A, Winters, CA 95694",,Trust,"Slough View Farms, LLC","$100,001 - $1,000,000",,Partnership,https://wcfweenxfcmsichcbyki.supabase.in/storage/v1/object/public/pdfs/6c10ffb6-f61e-483c-b7e1-050d76e1456d.pdf,https://digitaldemocracy.calmatters.org/legislators/cecilia-aguiar-curry-101332
Cecilia Aguiar-Curry,2023,JMA Properties LLC,Partnership,"$10,001 - $100,000","27397 County Road 91A, Winters, CA 95694","$10,001 - $100,000",Business entity,27397 County Road 91A* ,"$10,001 - $100,000",Property,Property Ownership/Deed of trust,https://wcfweenxfcmsichcbyki.supabase.in/storage/v1/object/public/pdfs/f676be96-f906-4e9d-9794-00a11f896cb5.pdf,https://digitaldemocracy.calmatters.org/legislators/cecilia-aguiar-curry-101332
Cecilia Aguiar-Curry,2023,Slough View Farms LLC,,"$10,001 - $100,000","27397 County Road 91A, Winters, CA 95694",,Trust,Slough View Farms LLC*,"$100,001 - $1,000,000",Property,Property Ownership/Deed of trust,https://wcfweenxfcmsichcbyki.supabase.in/storage/v1/object/public/pdfs/f676be96-f906-4e9d-9794-00a11f896cb5.pdf,https://digitaldemocracy.calmatters.org/legislators/cecilia-aguiar-curry-101332
Cecilia Aguiar-Curry,2022,JMA Properties LLC,Partnership,"$10,001 - $100,000","27397 County Road 91A, Winters, CA 95694","$10,001 - $100,000",Business entity,"JMA Properties, LLC","$10,001 - $100,000",Property,Partnership,https://wcfweenxfcmsichcbyki.supabase.in/storage/v1/object/public/pdfs/af99f117-c889-4391-aa68-5b60f1dd5ab0.pdf,https://digitaldemocracy.calmatters.org/legislators/cecilia-aguiar-curry-101332
Cecilia Aguiar-Curry,2022,"Slough View Farms, LLC",,"$10,001 - $100,000","27397 County Road 91A, Winters, CA 95694",,Trust,"Slough View Farms, LLC","$100,001 - $1,000,000",Property,Partnership,https://wcfweenxfcmsichcbyki.supabase.in/storage/v1/object/public/pdfs/af99f117-c889-4391-aa68-5b60f1dd5ab0.pdf,https://digitaldemocracy.calmatters.org/legislators/cecilia-aguiar-curry-101332
Cecilia Aguiar-Curry,2021,JMA Properties LLC,Partnership,"$10,001 - $100,000","27397 County Road 91A, Winters, CA 95694","$10,001 - $100,000",Business entity,"JMA Properties, LLC","$10,001 - $100,000",Property,,https://wcfweenxfcmsichcbyki.supabase.in/storage/v1/object/public/pdfs/f6c85250-b252-45e1-abc5-87387eab9528.pdf,https://digitaldemocracy.calmatters.org/legislators/cecilia-aguiar-curry-101332
Cecilia Aguiar-Curry,2021,"Slough View Farms, LLC",,"$10,001 - $100,000","27397 County Road 91A, Winters, CA 95694",,Trust,"Slough View Farms, LLC","$100,001 - $1,000,000",Property,Partnership,https://wcfweenxfcmsichcbyki.supabase.in/storage/v1/object/public/pdfs/f6c85250-b252-45e1-abc5-87387eab9528.pdf,https://digitaldemocracy.calmatters.org/legislators/cecilia-aguiar-curry-101332
Juan Alanis,2024,Sophia's Rustic Boutique,Sole Proprietorship,"$10,001 - $100,000","4112 Ruth Avenue, Modesto, CA 95355","$2,000 - $10,000",Business entity,,,,,https://wcfweenxfcmsichcbyki.supabase.in/storage/v1/object/public/pdfs/cfa655db-2ab4-4b41-8a49-6871630ab9bf.pdf,https://digitaldemocracy.calmatters.org/legislators/juan-alanis-165456
Juan Alanis,2024,One Day Photography,Sole Proprietorship,"$10,001 - $100,000","4112 Ruth Avenue, Modesto, CA 95355","$2,000 - $10,000",Business entity,,,,,https://wcfweenxfcmsichcbyki.supabase.in/storage/v1/object/public/pdfs/cfa655db-2ab4-4b41-8a49-6871630ab9bf.pdf,https://digitaldemocracy.calmatters.org/legislators/juan-alanis-165456
Juan Alanis,2023,Sophia's Rustic Boutique,Sole Proprietorship,"$10,001 - $100,000","4112 Ruth Avenue, Modesto, CA 95355","$2,000 - $10,000",Business entity,,,,,https://wcfweenxfcmsichcbyki.supabase.in/storage/v1/object/public/pdfs/c5442f97-bf11-48eb-bc80-74ab4284eefa.pdf,https://digitaldemocracy.calmatters.org/legislators/juan-alanis-165456
Juan Alanis,2023,One Day Photography,Sole Proprietorship,"$1,001 - $10,000","4112 Ruth Avenue, Modesto, CA 95355","$2,000 - $10,000",Business entity,,,,,https://wcfweenxfcmsichcbyki.supabase.in/storage/v1/object/public/pdfs/c5442f97-bf11-48eb-bc80-74ab4284eefa.pdf,https://digitaldemocracy.calmatters.org/legislators/juan-alanis-165456
Juan Alanis,2022,Sophia's Rustic Boutique ,Sole Proprietorship,"$10,001 - $100,000","4112 Ruth Avenue Modesto, CA 95355 ","$2,000 - $10,000",Business entity,,,,,https://wcfweenxfcmsichcbyki.supabase.in/storage/v1/object/public/pdfs/9f0078fa-815f-4991-8ef5-982ec30bcf6f.pdf,https://digitaldemocracy.calmatters.org/legislators/juan-alanis-165456
Juan Alanis,2022,One Day Photography,Sole Proprietorship,,"4112 Ruth Avenue, Modesto, CA 95355","$2,000 - $10,000",Business entity,,,,,https://wcfweenxfcmsichcbyki.supabase.in/storage/v1/object/public/pdfs/9f0078fa-815f-4991-8ef5-982ec30bcf6f.pdf,https://digitaldemocracy.calmatters.org/legislators/juan-alanis-165456
David Alvarez,2024,CAUSA CONSULTING,Sole Proprietorship,$0 - $499,"2048 JULIAN AVENUE, SAN DIEGO,CA 92113","$0 - $1,999",Business entity,,,,,https://wcfweenxfcmsichcbyki.supabase.in/storage/v1/object/public/pdfs/54e54de3-2f35-44d7-8b94-18a3235d9d1e.pdf,https://digitaldemocracy.calmatters.org/legislators/david-alvarez-112993
David Alvarez,2023,CAUSA CONSULTING ,Sole Proprietorship,$0 - $499,"2048 JULIAN AVENUE, SAN DIEGO,CA 92113 ","$0 - $1,999",Business entity,,,,,https://wcfweenxfcmsichcbyki.supabase.in/storage/v1/object/public/pdfs/de1fa882-d9ff-42de-ad3d-27de41afe631.pdf,https://digitaldemocracy.calmatters.org/legislators/david-alvarez-112993
David Alvarez,2022,CAUSA CONSULTING,Sole Proprietorship,$0 - $499,"2048 JULIAN AVENUE, SAN DIEGO, CA 92113","$2,000 - $10,000",Business entity,,,,,https://wcfweenxfcmsichcbyki.supabase.in/storage/v1/object/public/pdfs/5e3bbb42-bd15-4ac5-af20-9e56317a3b5c.pdf,https://digitaldemocracy.calmatters.org/legislators/david-alvarez-112993
David Alvarez,2021,CAUSA CONSULTING,Sole Proprietorship,"Over $100,000","2048 JULIAN AVENUE, SAN DIEGO,CA 92113","$2,000 - $10,000",Business entity,,,,,https://wcfweenxfcmsichcbyki.supabase.in/storage/v1/object/public/pdfs/6e819694-c352-4214-9cb6-429811a5e31c.pdf,https://digitaldemocracy.calmatters.org/legislators/david-alvarez-112993
Angelique Ashby,2022,"Ashby Consulting Group, LLC",Other,$0 - $499,"4927 Winamac Dr Sacramento, CA 95835","$100,001 - $1,000,000",Business entity,,,,,https://wcfweenxfcmsichcbyki.supabase.in/storage/v1/object/public/pdfs/43b1da2a-3081-4651-8683-f0cc85041a6b.pdf,https://digitaldemocracy.calmatters.org/legislators/angelique-ashby-165434
Toni Atkins,2023,LeSar Support Services,Other,"Over $100,000","404 Euclid Avenue, Suite 212, San Diego, CA 92114","$10,001 - $100,000",Business entity,"404 Euclid Avenue, Suite 212","$10,001 - $100,000",Property,Leasehold,https://wcfweenxfcmsichcbyki.supabase.in/storage/v1/object/public/pdfs/a3417252-f4c1-4acd-815f-6196156ebe76.pdf,https://digitaldemocracy.calmatters.org/legislators/toni-atkins-110
Toni Atkins,2023,"LeSar Holdings, Inc.",Other,"Over $100,000","404 Euclid Avenue, Suite 212, San Diego, CA 92114","$100,001 - $1,000,000",Business entity,"404 Euclid Avenue, Suite 212","$10,001 - $100,000",Property,Leasehold,https://wcfweenxfcmsichcbyki.supabase.in/storage/v1/object/public/pdfs/a3417252-f4c1-4acd-815f-6196156ebe76.pdf,https://digitaldemocracy.calmatters.org/legislators/toni-atkins-110
Toni Atkins,2023,LeSar Development Consultants,Other,"Over $100,000","404 Euclid Avenue, Suite 212, San Diego, CA 92114","Over $1,000,000",Business entity,"404 Euclid Avenue, Suite 212","$10,001 - $100,000",Property,Leasehold,https://wcfweenxfcmsichcbyki.supabase.in/storage/v1/object/public/pdfs/a3417252-f4c1-4acd-815f-6196156ebe76.pdf,https://digitaldemocracy.calmatters.org/legislators/toni-atkins-110
Toni Atkins,2023,Global Policy Leadership Academy,Other,"Over $100,000","404 Euclid Avenue, Suite 212, San Diego, CA 92114","$100,001 - $1,000,000",Business entity,"404 Euclid Avenue, Suite 212","$10,001 - $100,000",Property,Leasehold,https://wcfweenxfcmsichcbyki.supabase.in/storage/v1/object/public/pdfs/a3417252-f4c1-4acd-815f-6196156ebe76.pdf,https://digitaldemocracy.calmatters.org/legislators/toni-atkins-110
Toni Atkins,2023,"HJM Holdings, LLC",Other,$0 - $499,"P.O. Box 2388, La Jolla, CA 92038","$0 - $1,999",Business entity,,,,,https://wcfweenxfcmsichcbyki.supabase.in/storage/v1/object/public/pdfs/a3417252-f4c1-4acd-815f-6196156ebe76.pdf,https://digitaldemocracy.calmatters.org/legislators/toni-atkins-110
Toni Atkins,2022,LeSar Development Consultants,Other,"Over $100,000","404 Euclid Avenue, Suite 212, San Diego, CA 92114","Over $1,000,000",Business entity,"404 Euclid Avenue, Suite 212","$10,001 - $100,000",Property,Leasehold,https://wcfweenxfcmsichcbyki.supabase.in/storage/v1/object/public/pdfs/eed6697d-3263-4bd6-bf8a-2ec93dddcc19.pdf,https://digitaldemocracy.calmatters.org/legislators/toni-atkins-110
Toni Atkins,2022,Global Policy Leadership Academy,Other,"Over $100,000","404 Euclid Avenue,Suite 212, San Diego, CA 92114","$100,001 - $1,000,000",Business entity,"404 Euclid Avenue, Suite 212","$10,001 - $100,000",Property,Leasehold,https://wcfweenxfcmsichcbyki.supabase.in/storage/v1/object/public/pdfs/eed6697d-3263-4bd6-bf8a-2ec93dddcc19.pdf,https://digitaldemocracy.calmatters.org/legislators/toni-atkins-110
Toni Atkins,2022,LeSar Support Services,Other,"$10,001 - $100,000","404 Euclid Avenue, Suite 212, San Diego, CA 92114","$100,001 - $1,000,000",Business entity,,,,,https://wcfweenxfcmsichcbyki.supabase.in/storage/v1/object/public/pdfs/eed6697d-3263-4bd6-bf8a-2ec93dddcc19.pdf,https://digitaldemocracy.calmatters.org/legislators/toni-atkins-110
Toni Atkins,2022,"LeSar Holdings, Inc.",Other,"Over $100,000","404 Euclid Avenue,Suite 212, San Diego, CA 92114","$100,001 - $1,000,000",Business entity,"404 Euclid Avenue, Suite 212","$10,001 - $100,000",Property,Leasehold,https://wcfweenxfcmsichcbyki.supabase.in/storage/v1/object/public/pdfs/eed6697d-3263-4bd6-bf8a-2ec93dddcc19.pdf,https://digitaldemocracy.calmatters.org/legislators/toni-atkins-110
Toni Atkins,2022,"HJM Holdings, LLC",Other,"$10,001 - $100,000","2954 Date Street, San Diego, CA 92102","$10,001 - $100,000",Business entity,,,,,https://wcfweenxfcmsichcbyki.supabase.in/storage/v1/object/public/pdfs/eed6697d-3263-4bd6-bf8a-2ec93dddcc19.pdf,https://digitaldemocracy.calmatters.org/legislators/toni-atkins-110
Toni Atkins,2021,LeSar Development Consultants,Other,"Over $100,000","404 Euclid Avenue, Suite 212, San Diego, CA 92114","Over $1,000,000",Business entity,"404 Euclid Avenue, Suite 212","$10,001 - $100,000",Property,Leasehold,https://wcfweenxfcmsichcbyki.supabase.in/storage/v1/object/public/pdfs/f111ebe0-0f0b-4dbf-8a86-32e72e7f3751.pdf,https://digitaldemocracy.calmatters.org/legislators/toni-atkins-110
Toni Atkins,2021,Global Policy Leadership Academy,Other,"Over $100,000","404 Euclid Avenue, Suite 212, San Diego, CA 92114","$100,001 - $1,000,000",Business entity,"404 Euclid Avenue, Suite 212","$10,001 - $100,000",Property,Leasehold,https://wcfweenxfcmsichcbyki.supabase.in/storage/v1/object/public/pdfs/f111ebe0-0f0b-4dbf-8a86-32e72e7f3751.pdf,https://digitaldemocracy.calmatters.org/legislators/toni-atkins-110
Patricia Bates,2021,John Bates Associates,Sole Proprietorship,$0 - $499,"31631 Sea Shadows, Laguna Niguel",--,Business entity,,,,,https://wcfweenxfcmsichcbyki.supabase.in/storage/v1/object/public/pdfs/cb9b61b8-1195-4f6a-880a-a87c148dc1be.pdf,https://digitaldemocracy.calmatters.org/legislators/patricia-bates
Patricia Bates,2021,JPB Investments,Partnership,"$10,001 - $100,000","31631 Sea Shadows, Laguna Niguel","Over $1,000,000",Business entity,"1. 126 Seeman Dr, Encinitas, CA","Over $1,000,000",Property,,https://wcfweenxfcmsichcbyki.supabase.in/storage/v1/object/public/pdfs/cb9b61b8-1195-4f6a-880a-a87c148dc1be.pdf,https://digitaldemocracy.calmatters.org/legislators/patricia-bates
Josh Becker,2024,L7L MP CORP,Other,$0 - $499,"2098 Valparaiso Ave, Menlo Park, CA 94025","$2,000 - $10,000",Business entity,,,,,https://wcfweenxfcmsichcbyki.supabase.in/storage/v1/object/public/pdfs/f7af3aa9-bc92-49ed-9d66-d69ea709aa56.pdf,https://digitaldemocracy.calmatters.org/legislators/josh-becker-165449
Josh Becker,2023,L7L MP CORP,Other,"$1,001 - $10,000","2098 Valparaiso Ave Menlo Park, CA 94025 ","$2,000 - $10,000",Business entity,,,,,https://wcfweenxfcmsichcbyki.supabase.in/storage/v1/object/public/pdfs/bb8d3e75-9a82-4c37-b27c-efdcea519650.pdf,https://digitaldemocracy.calmatters.org/legislators/josh-becker-165449
Josh Becker,2022,L7L MP CORP,Other,,"2098 Valparaiso Ave, Menlo Park, CA 94025","$2,000 - $10,000",Business entity,,,,,https://wcfweenxfcmsichcbyki.supabase.in/storage/v1/object/public/pdfs/d439239e-06db-4c4e-849b-86bbc65f5752.pdf,https://digitaldemocracy.calmatters.org/legislators/josh-becker-165449
Josh Becker,2021,L7L MP CORP,Other,"$10,001 - $100,000","2098 Valparaiso Ave, Menlo Park, CA 94025","$10,001 - $100,000",Business entity,,,,,https://wcfweenxfcmsichcbyki.supabase.in/storage/v1/object/public/pdfs/8dea1d95-1d39-4b1e-8223-5c949ce6e445.pdf,https://digitaldemocracy.calmatters.org/legislators/josh-becker-165449
Marc Berman,2024,3575 Haven Avenue LLC,Partnership,$0 - $499,NPaamrecel Number 003-08-036,"Over $1,000,000",Business entity,,,,,https://wcfweenxfcmsichcbyki.supabase.in/storage/v1/object/public/pdfs/167d0eb3-7cbd-4e2f-a080-fe50b899f9b9.pdf,https://digitaldemocracy.calmatters.org/legislators/marc-berman-100944
Marc Berman,2024,Marc Eli Berman 2012 GST,,"$10,001 - $100,000",NPaamrecel Number 120-64-003,,Trust,Lucy Berman & Sons LLC,"Over $1,000,000",Investment,Stock,https://wcfweenxfcmsichcbyki.supabase.in/storage/v1/object/public/pdfs/167d0eb3-7cbd-4e2f-a080-fe50b899f9b9.pdf,https://digitaldemocracy.calmatters.org/legislators/marc-berman-100944
Marc Berman,2023,Marc Eli Berman 2012 GST,,"$1,001 - $10,000",Parcel Number 120-64-003,,Trust,Lucy Berman & Sons LLC,"Over $1,000,000",Investment,,https://wcfweenxfcmsichcbyki.supabase.in/storage/v1/object/public/pdfs/90f56bf3-6053-45ab-b1cd-77f1a6caf3f3.pdf,https://digitaldemocracy.calmatters.org/legislators/marc-berman-100944
Marc Berman,2023,3575 Haven Avenue LLC,Partnership,,Parcel Number 003-08-036,"Over $1,000,000",Business entity,,,,,https://wcfweenxfcmsichcbyki.supabase.in/storage/v1/object/public/pdfs/90f56bf3-6053-45ab-b1cd-77f1a6caf3f3.pdf,https://digitaldemocracy.calmatters.org/legislators/marc-berman-100944
Marc Berman,2022,3575 Haven Avenue LLC,Partnership,"Over $100,000",Parcel Number 003-08-036,"Over $1,000,000",Business entity,3575 Haven Avenue,"Over $1,000,000",Property,,https://wcfweenxfcmsichcbyki.supabase.in/storage/v1/object/public/pdfs/e1e1c6e5-ada7-47bc-b617-d3c2cdf96f1a.pdf,https://digitaldemocracy.calmatters.org/legislators/marc-berman-100944
Marc Berman,2022,Marc Eli Berman 2012 GST,,$0 - $499,Parcel Number 120-64-003,,Trust,Lucy Berman & Sons LLC,"Over $1,000,000",Investment,Stock,https://wcfweenxfcmsichcbyki.supabase.in/storage/v1/object/public/pdfs/e1e1c6e5-ada7-47bc-b617-d3c2cdf96f1a.pdf,https://digitaldemocracy.calmatters.org/legislators/marc-berman-100944
Marc Berman,2021,3575 Haven Avenue LLC,Partnership,"$10,001 - $100,000",Parcel Number 003-08-036,"Over $1,000,000",Business entity,3575 Haven Avenue,"Over $1,000,000",Property,Partnership,https://wcfweenxfcmsichcbyki.supabase.in/storage/v1/object/public/pdfs/da1e29da-1588-4c5c-a993-39b93957f8f0.pdf,https://digitaldemocracy.calmatters.org/legislators/marc-berman-100944
Marc Berman,2021,Marc Eli Berman 2012 GST,,"$10,001 - $100,000",Parcel Number 120-64-003,,Trust,Lucy Berman & Sons LLC,"Over $1,000,000",Investment,Stock,https://wcfweenxfcmsichcbyki.supabase.in/storage/v1/object/public/pdfs/da1e29da-1588-4c5c-a993-39b93957f8f0.pdf,https://digitaldemocracy.calmatters.org/legislators/marc-berman-100944
Marc Berman,2021,"Reveler, LLC (dba Ames Tovern)",Other,$0 - $499,"555 Bryant St., #191, Palo Alto, CA 94301","$2,000 - $10,000",Business entity,,,,,https://wcfweenxfcmsichcbyki.supabase.in/storage/v1/object/public/pdfs/da1e29da-1588-4c5c-a993-39b93957f8f0.pdf,https://digitaldemocracy.calmatters.org/legislators/marc-berman-100944
Frank Bigelow,2021,,,,,,,,,,,https://wcfweenxfcmsichcbyki.supabase.in/storage/v1/object/public/pdfs/d9fcfffa-e0cd-4a95-b56b-16520918bf5a.pdf,https://digitaldemocracy.calmatters.org/legislators/frank-bigelow
Andreas Borgeas,2021,Borgeas Consulting,Sole Proprietorship,"$1,001 - $10,000",6671 N. Benedict Ave. Fresno CA 93711,"$2,000 - $10,000",Business entity,,,,,https://wcfweenxfcmsichcbyki.supabase.in/storage/v1/object/public/pdfs/7566841f-0e31-40ff-a51e-070438dda682.pdf,https://digitaldemocracy.calmatters.org/legislators/andreas-borgeas
Andreas Borgeas,2021,Borgeas Enterprises,Sole Proprietorship,$0 - $499,6671 N. Benedict Ave. Fresno CA 93711,"$0 - $1,999",Business entity,,,,,https://wcfweenxfcmsichcbyki.supabase.in/storage/v1/object/public/pdfs/7566841f-0e31-40ff-a51e-070438dda682.pdf,https://digitaldemocracy.calmatters.org/legislators/andreas-borgeas
Steven Bradford,2021,,,,,,,,,,,https://wcfweenxfcmsichcbyki.supabase.in/storage/v1/object/public/pdfs/68790bc3-ae08-4597-be31-41fbe35b1253.pdf,https://digitaldemocracy.calmatters.org/legislators/steven-bradford-100945
Isaac Bryan,2024,ID Strategies LLC,Partnership,,"109 E Harvard St Ste 300, Glendale CA 91205","$2,000 - $10,000",Business entity,,,,,https://wcfweenxfcmsichcbyki.supabase.in/storage/v1/object/public/pdfs/66b02373-7cea-4607-894c-ef87901140ca.pdf,https://digitaldemocracy.calmatters.org/legislators/isaac-bryan-165440
Isaac Bryan,2023,ID Strategies LLC,Partnership,"$1,001 - $10,000","109 E Harvard St Ste 300, Glendale CA 91205 ","$2,000 - $10,000",Business entity,,,,,https://wcfweenxfcmsichcbyki.supabase.in/storage/v1/object/public/pdfs/fde862f7-51e9-4646-8830-800cdd9d98ee.pdf,https://digitaldemocracy.calmatters.org/legislators/isaac-bryan-165440
Isaac Bryan,2022,ID Strategies LLC,Partnership,"$1,001 - $10,000","109 E Harvard St Ste 300, Glendale CA 91205","$2,000 - $10,000",Business entity,,,,,https://wcfweenxfcmsichcbyki.supabase.in/storage/v1/object/public/pdfs/f08d0ec3-9a62-45ef-9f19-6768ffd639ea.pdf,https://digitaldemocracy.calmatters.org/legislators/isaac-bryan-165440
Isaac Bryan,2021,ID Strategies LLC,Partnership,$0 - $499,"109 E Harvard St Ste 300, Glendale CA 91205","$2,000 - $10,000",Business entity,,,,,https://wcfweenxfcmsichcbyki.supabase.in/storage/v1/object/public/pdfs/21a6f292-f1a2-4525-abcb-116b17a2ef64.pdf,https://digitaldemocracy.calmatters.org/legislators/isaac-bryan-165440
Christopher Cabaldon,2024,Capitol Impact LLC,Partnership,"Over $100,000","1107 Ninth St. Sacramento, CA 95814","$100,001 - $1,000,000",Business entity,,,,,https://wcfweenxfcmsichcbyki.supabase.in/storage/v1/object/public/pdfs/eff550ed-8de7-41af-8b8d-b1800c27018d.pdf,https://digitaldemocracy.calmatters.org/legislators/christopher-cabaldon-5699
Christopher Cabaldon,2024,The CLC Trust,,$0 - $499,"446 Garden St. West Sacramento, CA 95691",,Trust,"446 Garden Street, West Sacramento, CA 95691","$100,001 - $1,000,000",Property,Property Ownership/Deed of trust,https://wcfweenxfcmsichcbyki.supabase.in/storage/v1/object/public/pdfs/eff550ed-8de7-41af-8b8d-b1800c27018d.pdf,https://digitaldemocracy.calmatters.org/legislators/christopher-cabaldon-5699
Lisa Calderon,2024,"Charles M. Calderon, INC",Sole Proprietorship,"$10,001 - $100,000","1165 Banyan Rim Dr., Whittier, CA 90601","$10,001 - $100,000",Business entity,,,,,https://wcfweenxfcmsichcbyki.supabase.in/storage/v1/object/public/pdfs/bdd2bb7a-cd3a-4da9-87f7-727da83b6f35.pdf,https://digitaldemocracy.calmatters.org/legislators/lisa-calderon-165426
Lisa Calderon,2023,"Charles M. Calderon, INC",Sole Proprietorship,"$10,001 - $100,000","1165 Banyan Rim Dr., Whittier, CA 90601","$10,001 - $100,000",Business entity,,,,,https://wcfweenxfcmsichcbyki.supabase.in/storage/v1/object/public/pdfs/f5b95c5f-49d4-4490-ab4b-065352e5f200.pdf,https://digitaldemocracy.calmatters.org/legislators/lisa-calderon-165426
Lisa Calderon,2022,Charles M. Calderon Inc.,Sole Proprietorship,"$10,001 - $100,000","1165 Banyan Rim Dr. Whittier, Ca 90601","$10,001 - $100,000",Business entity,,,,,https://wcfweenxfcmsichcbyki.supabase.in/storage/v1/object/public/pdfs/4cd13f5e-92e3-47d2-a825-beb631ca26e9.pdf,https://digitaldemocracy.calmatters.org/legislators/lisa-calderon-165426
Lisa Calderon,2021,Charles M. Calderon Inc.,Sole Proprietorship,"$10,001 - $100,000","1165 Banyan Rim Dr. Whittier, Ca 90601","$10,001 - $100,000",Business entity,,,,,https://wcfweenxfcmsichcbyki.supabase.in/storage/v1/object/public/pdfs/d4822149-1f57-42a8-8d9e-54d072ebbba6.pdf,https://digitaldemocracy.calmatters.org/legislators/lisa-calderon-165426
Sabrina Cervantes,2024,Courtney Cervantes-Downs,Sole Proprietorship,"$10,001 - $100,000",145323001,"$10,001 - $100,000",Business entity,,,,,https://wcfweenxfcmsichcbyki.supabase.in/storage/v1/object/public/pdfs/3a142802-d498-4665-bc49-552c3f018d25.pdf,https://digitaldemocracy.calmatters.org/legislators/sabrina-cervantes-36813
Sabrina Cervantes,2023,Courtney Cervantes-Downs,Sole Proprietorship,"$10,001 - $100,000",145323001,"$10,001 - $100,000",Business entity,,,,,https://wcfweenxfcmsichcbyki.supabase.in/storage/v1/object/public/pdfs/e0d804fe-357b-475e-bc29-c166c93ba04d.pdf,https://digitaldemocracy.calmatters.org/legislators/sabrina-cervantes-36813
Sabrina Cervantes,2022,Courtney Cervantes-Downs,Sole Proprietorship,"$10,001 - $100,000",145323001,"$10,001 - $100,000",Business entity,,,,,https://wcfweenxfcmsichcbyki.supabase.in/storage/v1/object/public/pdfs/16e02ce6-331c-4892-b9bf-6033a3fb83b9.pdf,https://digitaldemocracy.calmatters.org/legislators/sabrina-cervantes-36813
Sabrina Cervantes,2021,Courtney Cervantes-Downs,Sole Proprietorship,"$10,001 - $100,000",145323001,"$10,001 - $100,000",Business entity,,,,,https://wcfweenxfcmsichcbyki.supabase.in/storage/v1/object/public/pdfs/13744be2-e6eb-44d4-9843-88f5c5604f96.pdf,https://digitaldemocracy.calmatters.org/legislators/sabrina-cervantes-36813
Phillip Chen,2024,"Atlantic Plaza-78, LLC",Partnership,"$10,001 - $100,000","Diamond Bar Blvd. #507 Diamond Bar, CA 91765","Over $1,000,000",Business entity,APN 195223004015,"Over $1,000,000",,Property Ownership/Deed of trust,https://wcfweenxfcmsichcbyki.supabase.in/storage/v1/object/public/pdfs/6b03c1c8-f359-4ea6-8b62-9388095eb269.pdf,https://digitaldemocracy.calmatters.org/legislators/phillip-chen-100931
Phillip Chen,2023,Phillip Chen,Partnership,"$10,001 - $100,000",,"Over $1,000,000",Business entity,"Atlantic Plaza-78, LLC","Over $1,000,000",Property,,https://wcfweenxfcmsichcbyki.supabase.in/storage/v1/object/public/pdfs/e7451ed9-61e1-46f8-b4b9-77c9308d632a.pdf,https://digitaldemocracy.calmatters.org/legislators/phillip-chen-100931
Phillip Chen,2021,Phillip Chen,Partnership,"$10,001 - $100,000","1142 S. Diamond Bar Blvd, #507, Diamond Bar","Over $1,000,000",Business entity,"Atlantic Plaza-78, LLC","Over $1,000,000",Investment,Property Ownership/Deed of trust,https://wcfweenxfcmsichcbyki.supabase.in/storage/v1/object/public/pdfs/5d9daf60-0e52-457f-9475-331ccba88675.pdf,https://digitaldemocracy.calmatters.org/legislators/phillip-chen-100931
Steven Choi,2024,"CKH Investment, LLC",Partnership,$0 - $499,"1362 Longmont Pl., North Tustin, CA 92705","$100,001 - $1,000,000",Business entity,"Lido House, LLC","$100,001 - $1,000,000",Investment,Partnership,https://wcfweenxfcmsichcbyki.supabase.in/storage/v1/object/public/pdfs/4cb8e7d2-f022-4709-bf7d-6a4b3b634eab.pdf,https://digitaldemocracy.calmatters.org/legislators/steven-choi
Steven Choi,2024,"CNK Partners, LLC",Partnership,$0 - $499,"1362 Longmont Pl., North Tustin, CA 92705","$100,001 - $1,000,000",Business entity,"SC Land Mark Hotels, LLC","$100,001 - $1,000,000",Investment,Partnership,https://wcfweenxfcmsichcbyki.supabase.in/storage/v1/object/public/pdfs/4cb8e7d2-f022-4709-bf7d-6a4b3b634eab.pdf,https://digitaldemocracy.calmatters.org/legislators/steven-choi
Steven Choi,2024,"CHK II Investments, LLC",Other,$0 - $499,"1362 Longmont Pl., North Tustin, CA 92705","$100,001 - $1,000,000",Business entity,"Maui Business Park, LLC","$100,001 - $1,000,000",Investment,Partnership,https://wcfweenxfcmsichcbyki.supabase.in/storage/v1/object/public/pdfs/4cb8e7d2-f022-4709-bf7d-6a4b3b634eab.pdf,https://digitaldemocracy.calmatters.org/legislators/steven-choi
Steven Choi,2024,New Era Academy Pension Plan Trust,,$0 - $499,"4624 Barranea Prkwy., Irvine, CA 92604",,Trust,"Spectrum Gateway Hotels, LLC","$100,001 - $1,000,000",Investment,Partnership,https://wcfweenxfcmsichcbyki.supabase.in/storage/v1/object/public/pdfs/4cb8e7d2-f022-4709-bf7d-6a4b3b634eab.pdf,https://digitaldemocracy.calmatters.org/legislators/steven-choi
Steven Choi,2024,"New Era Academy, Inc. Kumon Math & Reading",Other,"Over $100,000","4624 Barranca Irvine, CA 92604","Over $1,000,000",Business entity,"4624 Barranca, Irvine, CA 92604","$10,001 - $100,000",Property,Leasehold,https://wcfweenxfcmsichcbyki.supabase.in/storage/v1/object/public/pdfs/4cb8e7d2-f022-4709-bf7d-6a4b3b634eab.pdf,https://digitaldemocracy.calmatters.org/legislators/steven-choi
Steven Choi,2024,"New Era Academy, Inc. Kumon Math & Reading",Other,"Over $100,000","4199 Campus Drive Irvine, CA 92612","Over $1,000,000",Business entity,"4199 Campus Drive Irvine, CA 92612","$10,001 - $100,000",Property,Leasehold,https://wcfweenxfcmsichcbyki.supabase.in/storage/v1/object/public/pdfs/4cb8e7d2-f022-4709-bf7d-6a4b3b634eab.pdf,https://digitaldemocracy.calmatters.org/legislators/steven-choi
Steven Choi,2021,IRA Trust Services Company CFBO S. Choi #549174,,$0 - $499,"105 Knob Creek, Irvine, CA 92602",,Trust,"Liddo House, LLC","$100,001 - $1,000,000",Investment,Partnership,https://wcfweenxfcmsichcbyki.supabase.in/storage/v1/object/public/pdfs/8a8da3e0-e42e-4e18-86b5-01a84c5aade5.pdf,https://digitaldemocracy.calmatters.org/legislators/steven-choi
Steven Choi,2021,New Era Academy Pension Plan Trust,,$0 - $499,"105 Knob Creek Irvine, CA 92602",,Trust,"Spectrum Gateway Hotels, LLC","$100,001 - $1,000,000",Investment,Partnership,https://wcfweenxfcmsichcbyki.supabase.in/storage/v1/object/public/pdfs/8a8da3e0-e42e-4e18-86b5-01a84c5aade5.pdf,https://digitaldemocracy.calmatters.org/legislators/steven-choi
Steven Choi,2021,"New Era Academy, Inc. Kumon Math & Reading",Other,"Over $100,000","4624 Barranca Irvine, CA 92604","Over $1,000,000",Business entity,"4624 Barranca, Irvine, CA 92604","$10,001 - $100,000",Property,Leasehold,https://wcfweenxfcmsichcbyki.supabase.in/storage/v1/object/public/pdfs/8a8da3e0-e42e-4e18-86b5-01a84c5aade5.pdf,https://digitaldemocracy.calmatters.org/legislators/steven-choi
Steven Choi,2021,"New Era Academy, Inc. Kumon Math & Reading",Other,"Over $100,000","4199 Campus Drive Irvine, CA 92612","Over $1,000,000",Business entity,"4199 Campus Drive Irvine, CA 92612","$10,001 - $100,000",Property,Leasehold,https://wcfweenxfcmsichcbyki.supabase.in/storage/v1/object/public/pdfs/8a8da3e0-e42e-4e18-86b5-01a84c5aade5.pdf,https://digitaldemocracy.calmatters.org/legislators/steven-choi
Steven Choi,2021,"CKH Investment, LLC",Partnership,$0 - $499,"105 Knob Creek Irvine, CA 92602","$100,001 - $1,000,000",Business entity,"Lido House, LLC","$100,001 - $1,000,000",Investment,Partnership,https://wcfweenxfcmsichcbyki.supabase.in/storage/v1/object/public/pdfs/8a8da3e0-e42e-4e18-86b5-01a84c5aade5.pdf,https://digitaldemocracy.calmatters.org/legislators/steven-choi
Steven Choi,2021,"CKH Investment, LLC",Partnership,$0 - $499,"105 Knob Creek Irvine, CA 92602","$100,001 - $1,000,000",Business entity,"SC Land Mark Hotels, LLC","$100,001 - $1,000,000",Investment,Partnership,https://wcfweenxfcmsichcbyki.supabase.in/storage/v1/object/public/pdfs/8a8da3e0-e42e-4e18-86b5-01a84c5aade5.pdf,https://digitaldemocracy.calmatters.org/legislators/steven-choi
Damon Connolly,2024,Law Offices of Damon M. Connolly,Sole Proprietorship,"$1,001 - $10,000","1888 Las Gallinas Avenue, San Rafael, CA 94903","$10,001 - $100,000",Business entity,,,,,https://wcfweenxfcmsichcbyki.supabase.in/storage/v1/object/public/pdfs/94e5e40a-905c-46a0-af49-d48fadc3d478.pdf,https://digitaldemocracy.calmatters.org/legislators/damon-connolly-165425
Damon Connolly,2023,Law Offices of Damon M. Connolly ,Sole Proprietorship,"$1,001 - $10,000","1888 Las Gallinas Avenue, San Rafael, CA 94903","$10,001 - $100,000",Business entity,,,,,https://wcfweenxfcmsichcbyki.supabase.in/storage/v1/object/public/pdfs/ecc684db-8c68-4dff-bdf6-9c120732cd2a.pdf,https://digitaldemocracy.calmatters.org/legislators/damon-connolly-165425
Damon Connolly,2022,Law Offices of Damon M. Connolly,Sole Proprietorship,"$1,001 - $10,000","1888 Las Galinas Avenue, San Rafael, CA 94903","$10,001 - $100,000",Business entity,,,,,https://wcfweenxfcmsichcbyki.supabase.in/storage/v1/object/public/pdfs/9b49afd4-37e7-4367-b42e-86052ef70145.pdf,https://digitaldemocracy.calmatters.org/legislators/damon-connolly-165425
Ken Cooley,2021,Ken Cooley & Sydney Cooley Revocable Trust,,"$10,001 - $100,000","11119 Concord River. Court Rancho Cordova, CA 95670",,Trust,"11150 Trinity River Drive, #122","$100,001 - $1,000,000",Property,Property Ownership/Deed of trust,https://wcfweenxfcmsichcbyki.supabase.in/storage/v1/object/public/pdfs/8a54d8f2-c791-4e9f-8bda-2a5d739c5b46.pdf,https://digitaldemocracy.calmatters.org/legislators/ken-cooley
Ken Cooley,2021,Ken Cooley & Sydney Cooley Revocable Trust,,"$10,001 - $100,000","11119 Concord River. Court Rancho Cordova, CA 95670",,Trust,10624 Chardonay Drive.,"$100,001 - $1,000,000",Property,Property Ownership/Deed of trust,https://wcfweenxfcmsichcbyki.supabase.in/storage/v1/object/public/pdfs/8a54d8f2-c791-4e9f-8bda-2a5d739c5b46.pdf,https://digitaldemocracy.calmatters.org/legislators/ken-cooley
Dave Cortese,2024,Dominic L. Cortese Family Partnership,Partnership,"$10,001 - $100,000","80 Spanish Bay Circle, Pebble Beach , CA 93953","Over $1,000,000",Business entity,11155 International Drive,"Over $1,000,000",Property,Partnership,https://wcfweenxfcmsichcbyki.supabase.in/storage/v1/object/public/pdfs/ffcd32c7-c500-43ae-8fbc-198eafa7318a.pdf,https://digitaldemocracy.calmatters.org/legislators/dave-cortese-164699
Dave Cortese,2023,Dominic L. Cortese Family Partnership,Partnership,"$10,001 - $100,000","80 Spanish Bay Circle, Pebble Beach , CA 93953","Over $1,000,000",Business entity,198 East 14 Street,"Over $1,000,000",Property,Partnership,https://wcfweenxfcmsichcbyki.supabase.in/storage/v1/object/public/pdfs/11b6b655-c141-4982-a5a5-40451863678e.pdf,https://digitaldemocracy.calmatters.org/legislators/dave-cortese-164699
Dave Cortese,2023,Dominic L. Cortese Family Partnership,Partnership,"$10,001 - $100,000","80 Spanish Bay Circle, Pebble Beach , CA 93953","Over $1,000,000",Business entity,11155 International Drive,"Over $1,000,000",Property,Partnership,https://wcfweenxfcmsichcbyki.supabase.in/storage/v1/object/public/pdfs/11b6b655-c141-4982-a5a5-40451863678e.pdf,https://digitaldemocracy.calmatters.org/legislators/dave-cortese-164699
Dave Cortese,2022,Dominic L. Cortese Family Partnership,Partnership,"$10,001 - $100,000","80 Spanish Bay Circle, Pebble Beach , CA 93953","Over $1,000,000",Business entity,198 East 14 Street,"Over $1,000,000",Property,Partnership,https://wcfweenxfcmsichcbyki.supabase.in/storage/v1/object/public/pdfs/f336db39-c72c-42ad-bc7f-5853af1751b9.pdf,https://digitaldemocracy.calmatters.org/legislators/dave-cortese-164699
Dave Cortese,2022,Dominic L. Cortese Family Partnership,Partnership,"$10,001 - $100,000","80 Spanish Bay Circle, Pebble Beach , CA 93953","Over $1,000,000",Business entity,11155 International Drive ,"Over $1,000,000",Property,Partnership,https://wcfweenxfcmsichcbyki.supabase.in/storage/v1/object/public/pdfs/f336db39-c72c-42ad-bc7f-5853af1751b9.pdf,https://digitaldemocracy.calmatters.org/legislators/dave-cortese-164699
Dave Cortese,2021,Dominic L. Cortese Family Partnership,Partnership,"$10,001 - $100,000","80 Spanish Bay Circle, Pebble Beach , CA 93953","Over $1,000,000",Business entity,198 East 14 Street,"Over $1,000,000",Property,Property Ownership/Deed of trust,https://wcfweenxfcmsichcbyki.supabase.in/storage/v1/object/public/pdfs/a2048986-e246-464e-9293-32223da16981.pdf,https://digitaldemocracy.calmatters.org/legislators/dave-cortese-164699
Dave Cortese,2021,Dominic L. Cortese Family Partnership,Partnership,,"80 Spanish Bay cir., Pebble Beach , CA 93953","Over $1,000,000",Business entity,11155 International Drive,"Over $1,000,000",Property,Partnership,https://wcfweenxfcmsichcbyki.supabase.in/storage/v1/object/public/pdfs/a2048986-e246-464e-9293-32223da16981.pdf,https://digitaldemocracy.calmatters.org/legislators/dave-cortese-164699
Jordan Cunningham,2021,Cunningham Law Group,Sole Proprietorship,"Over $100,000","1830 Spring St, Paso Robles, CA 93446","$100,001 - $1,000,000",Business entity,Cunningham Law Group,"$10,001 - $100,000",Property,Leasehold,https://wcfweenxfcmsichcbyki.supabase.in/storage/v1/object/public/pdfs/ac2d8fb5-97ab-4306-a1f3-8fb9fa66c23d.pdf,https://digitaldemocracy.calmatters.org/legislators/jordan-cunningham
Jordan Cunningham,2021,"CLG Properties, LLC",Other,"$10,001 - $100,000","1830 Spring Street, Paso Robles, CA 93446","$100,001 - $1,000,000",Business entity,"CLG Properties, LLC","$100,001 - $1,000,000",Property,Property Ownership/Deed of trust,https://wcfweenxfcmsichcbyki.supabase.in/storage/v1/object/public/pdfs/ac2d8fb5-97ab-4306-a1f3-8fb9fa66c23d.pdf,https://digitaldemocracy.calmatters.org/legislators/jordan-cunningham
Megan Dahle,2024,Big Valley Seed Company,Sole Proprietorship,"Over $100,000","666-620 Hwy. 299, East Bieber, CA 96609","$100,001 - $1,000,000",Business entity,,,,,https://wcfweenxfcmsichcbyki.supabase.in/storage/v1/object/public/pdfs/f66e1e59-bb0b-4879-a545-a813bb2a0614.pdf,https://digitaldemocracy.calmatters.org/legislators/megan-dahle-165415
Megan Dahle,2024,Big Valley Seed/Trucking Company,Sole Proprietorship,"Over $100,000","666-620 Hwy. 299, East Bieber, CA 96009","$100,001 - $1,000,000",Business entity,,,,,https://wcfweenxfcmsichcbyki.supabase.in/storage/v1/object/public/pdfs/f66e1e59-bb0b-4879-a545-a813bb2a0614.pdf,https://digitaldemocracy.calmatters.org/legislators/megan-dahle-165415
Megan Dahle,2023,Big Valley Seed Company,Sole Proprietorship,"Over $100,000","666-620 Hwy, 299 East Bieber, CA 96009","$100,001 - $1,000,000",Business entity,,,,,https://wcfweenxfcmsichcbyki.supabase.in/storage/v1/object/public/pdfs/a3982f63-f094-4251-84f4-ad2d500b1256.pdf,https://digitaldemocracy.calmatters.org/legislators/megan-dahle-165415
Megan Dahle,2023,Big Valley Seed/Trucking Company,Sole Proprietorship,"Over $100,000","666-620 Hwy, 299 East Bieber, CA 96009","$100,001 - $1,000,000",Business entity,,,,,https://wcfweenxfcmsichcbyki.supabase.in/storage/v1/object/public/pdfs/a3982f63-f094-4251-84f4-ad2d500b1256.pdf,https://digitaldemocracy.calmatters.org/legislators/megan-dahle-165415
Brian Dahle,2023,Big Valley Seed Company ,Sole Proprietorship,"Over $100,000","666-620 Hwy, 299 East Bieber, CA 96009 ","$100,001 - $1,000,000",Business entity,,,,,https://wcfweenxfcmsichcbyki.supabase.in/storage/v1/object/public/pdfs/13b936f8-ed7f-478f-bbf8-a26ae7ef1093.pdf,https://digitaldemocracy.calmatters.org/legislators/brian-dahle-47
Brian Dahle,2023,Big Valley Seed/Trucking Company,Sole Proprietorship,"Over $100,000","666-620 Hwy, 299 East Bieber, CA 96009 ","$100,001 - $1,000,000",Business entity,,,,,https://wcfweenxfcmsichcbyki.supabase.in/storage/v1/object/public/pdfs/13b936f8-ed7f-478f-bbf8-a26ae7ef1093.pdf,https://digitaldemocracy.calmatters.org/legislators/brian-dahle-47
Megan Dahle,2022,Big Valley Seed Company,Sole Proprietorship,"Over $100,000","666-620 Hwy, 299 East Bieber, CA 96009","$100,001 - $1,000,000",Business entity,,,,,https://wcfweenxfcmsichcbyki.supabase.in/storage/v1/object/public/pdfs/12740755-aaf1-4375-a7d6-ee60d4a02f77.pdf,https://digitaldemocracy.calmatters.org/legislators/megan-dahle-165415
Megan Dahle,2022,Big Valley Seed/Trucking Company,Sole Proprietorship,"Over $100,000","666-620 Hwy, 299 East Bieber, CA 96009","$100,001 - $1,000,000",Business entity,,,,,https://wcfweenxfcmsichcbyki.supabase.in/storage/v1/object/public/pdfs/12740755-aaf1-4375-a7d6-ee60d4a02f77.pdf,https://digitaldemocracy.calmatters.org/legislators/megan-dahle-165415
Brian Dahle,2022,Big Valley Seed Company,Sole Proprietorship,"Over $100,000","666-620 Hwy, 299 East Bieber, CA 96009","$100,001 - $1,000,000",Business entity,,,,,https://wcfweenxfcmsichcbyki.supabase.in/storage/v1/object/public/pdfs/f9bbdecb-dc7b-460f-9158-5fca30d91ef1.pdf,https://digitaldemocracy.calmatters.org/legislators/brian-dahle-47
Brian Dahle,2022,Big Valley Seed/Trucking Company,,,"666-620 Hwy, 299 East Bieber, CA 96009",,,,,,,https://wcfweenxfcmsichcbyki.supabase.in/storage/v1/object/public/pdfs/f9bbdecb-dc7b-460f-9158-5fca30d91ef1.pdf,https://digitaldemocracy.calmatters.org/legislators/brian-dahle-47
Brian Dahle,2021,Big Valley Seed Company,Sole Proprietorship,"Over $100,000","666-620 Hwy 299, East Bieber, CA 96009","$100,001 - $1,000,000",Business entity,,,,,https://wcfweenxfcmsichcbyki.supabase.in/storage/v1/object/public/pdfs/63cedf4d-2c22-4c7f-9222-1d3afe7d3f20.pdf,https://digitaldemocracy.calmatters.org/legislators/brian-dahle-47
Brian Dahle,2021,Big Valley Seed/Trucking Company,Sole Proprietorship,"Over $100,000","666-620 Hwy 299, East Bieber, CA 96009","$100,001 - $1,000,000",Business entity,,,,,https://wcfweenxfcmsichcbyki.supabase.in/storage/v1/object/public/pdfs/63cedf4d-2c22-4c7f-9222-1d3afe7d3f20.pdf,https://digitaldemocracy.calmatters.org/legislators/brian-dahle-47
Megan Dahle,2021,Big Valley Seed Company,Sole Proprietorship,"Over $100,000","666-620 HWY, 299 East Bieber, CA 96009","$100,001 - $1,000,000",Business entity,,,,,https://wcfweenxfcmsichcbyki.supabase.in/storage/v1/object/public/pdfs/79980f60-8ec8-45bb-954f-ce71aef796ab.pdf,https://digitaldemocracy.calmatters.org/legislators/megan-dahle-165415
Megan Dahle,2021,Big Valley Seed/Trucking Company,Sole Proprietorship,"Over $100,000","666-620 HWY, 299 East Bieber, CA 96009","$100,001 - $1,000,000",Business entity,,,,,https://wcfweenxfcmsichcbyki.supabase.in/storage/v1/object/public/pdfs/79980f60-8ec8-45bb-954f-ce71aef796ab.pdf,https://digitaldemocracy.calmatters.org/legislators/megan-dahle-165415
Laurie Davies,2024,Five Star Wedding &Events,Sole Proprietorship,"$10,001 - $100,000",28175 La Gallina Laguna Niguel CA 92677,"$10,001 - $100,000",Business entity,,,,,https://wcfweenxfcmsichcbyki.supabase.in/storage/v1/object/public/pdfs/6b1de239-77eb-4d40-a660-4ed4c2470b33.pdf,https://digitaldemocracy.calmatters.org/legislators/laurie-davies-165457
Laurie Davies,2023,Five Star Wedding &Events,Sole Proprietorship,"$10,001 - $100,000",28175 La Gallina Laguna Niguel CA 92677,"$10,001 - $100,000",Business entity,,,,,https://wcfweenxfcmsichcbyki.supabase.in/storage/v1/object/public/pdfs/1ff2e22a-6310-4f76-ab62-12b729a9f309.pdf,https://digitaldemocracy.calmatters.org/legislators/laurie-davies-165457
Laurie Davies,2022,Five Star Wedding & Events,Sole Proprietorship,"$10,001 - $100,000",28175 La Gallina Laguna Nigel CA 92677,"$10,001 - $100,000",Business entity,,,,,https://wcfweenxfcmsichcbyki.supabase.in/storage/v1/object/public/pdfs/e481beb2-d2ea-4d1c-b6b1-8d19eea9dedc.pdf,https://digitaldemocracy.calmatters.org/legislators/laurie-davies-165457
Laurie Davies,2021,Five Star Wedding & Events,Sole Proprietorship,"$10,001 - $100,000",28175 La Gallina Laguna Niguel CA 92677,"$10,001 - $100,000",Business entity,,,,,https://wcfweenxfcmsichcbyki.supabase.in/storage/v1/object/public/pdfs/8d0c75bc-2f33-49f6-afde-6255b21fb2eb.pdf,https://digitaldemocracy.calmatters.org/legislators/laurie-davies-165457
Carl DeMaio,2024,DeMaio Strategy Consulting,Sole Proprietorship,"$1,001 - $10,000","18295 High Mesa Court, San Diego CA 92127","$100,001 - $1,000,000",Business entity,,,,,https://wcfweenxfcmsichcbyki.supabase.in/storage/v1/object/public/pdfs/c3ad9cea-b663-47ac-8d72-fa23ce7797aa.pdf,https://digitaldemocracy.calmatters.org/legislators/carl-demaio-161014
Carl DeMaio,2024,Hale Media (Spouse Asset - No fin interest in it),Other,$0 - $499,"18295 High Mesa Court, San Diego CA 92127","$100,001 - $1,000,000",Business entity,,,,,https://wcfweenxfcmsichcbyki.supabase.in/storage/v1/object/public/pdfs/c3ad9cea-b663-47ac-8d72-fa23ce7797aa.pdf,https://digitaldemocracy.calmatters.org/legislators/carl-demaio-161014
Sade Elhawary,2024,Jade Strategy Consultants LLC,Other,"$10,001 - $100,000","3753 1/2 Woodlawn Ave. Los Angeles, CA 90011-2642","$100,001 - $1,000,000",Business entity,,,,,https://wcfweenxfcmsichcbyki.supabase.in/storage/v1/object/public/pdfs/11110038-37c6-47d6-9553-4b6da94c4879.pdf,https://digitaldemocracy.calmatters.org/legislators/sade-elhawary-187428
Stan Ellis,2024,"Stanley W Ellis Seperate Property Trust dated May 26, 202",,"Over $100,000","PO Box 5427, Bakersfield, CA 93388",,Trust,,,,,https://wcfweenxfcmsichcbyki.supabase.in/storage/v1/object/public/pdfs/b48f89b8-cede-4822-8032-146d135d3de6.pdf,https://digitaldemocracy.calmatters.org/legislators/stan-ellis-188334
Stan Ellis,2024,"Ellis Family Trust dated October 16, 2016",,"Over $100,000","PO Box 5427, Bakersfield, CA 93388",,Trust,,,,,https://wcfweenxfcmsichcbyki.supabase.in/storage/v1/object/public/pdfs/b48f89b8-cede-4822-8032-146d135d3de6.pdf,https://digitaldemocracy.calmatters.org/legislators/stan-ellis-188334
Stan Ellis,2024,Ellis Gudmundsen LLC,Other,"Over $100,000","1400 Norris Road, Bakersfield, CA 93308","Over $1,000,000",Business entity,SEE ATTACHED,"Over $1,000,000",Property,Property Ownership/Deed of trust,https://wcfweenxfcmsichcbyki.supabase.in/storage/v1/object/public/pdfs/b48f89b8-cede-4822-8032-146d135d3de6.pdf,https://digitaldemocracy.calmatters.org/legislators/stan-ellis-188334
Stan Ellis,2024,Environmental Technologies LLC,Other,"Over $100,000","1400 Norris Road, Bakersfield, CA 93308","$100,001 - $1,000,000",Business entity,,,,,https://wcfweenxfcmsichcbyki.supabase.in/storage/v1/object/public/pdfs/b48f89b8-cede-4822-8032-146d135d3de6.pdf,https://digitaldemocracy.calmatters.org/legislators/stan-ellis-188334
Stan Ellis,2024,King Air LLC,Other,$0 - $499,"1400 Norris Road, Bakersfield, CA 93308","Over $1,000,000",Business entity,,,,,https://wcfweenxfcmsichcbyki.supabase.in/storage/v1/object/public/pdfs/b48f89b8-cede-4822-8032-146d135d3de6.pdf,https://digitaldemocracy.calmatters.org/legislators/stan-ellis-188334
Stan Ellis,2024,Premier Equipment Rental Inc,Other,"Over $100,000","3217 Patton Way, Bakersfield, CA 93308","Over $1,000,000",Business entity,"3217 Patton Way, Bakersfield, CA 93308","Over $1,000,000",Property,Property Ownership/Deed of trust,https://wcfweenxfcmsichcbyki.supabase.in/storage/v1/object/public/pdfs/b48f89b8-cede-4822-8032-146d135d3de6.pdf,https://digitaldemocracy.calmatters.org/legislators/stan-ellis-188334
Stan Ellis,2024,"Vertical Tank, Inc.",Other,"Over $100,000","1400 Norris Road, Bakersfield, CA 93308","Over $1,000,000",Business entity,"1400 Norris Road, Bakersfield, CA 93308","Over $1,000,000",Property,Property Ownership/Deed of trust,https://wcfweenxfcmsichcbyki.supabase.in/storage/v1/object/public/pdfs/b48f89b8-cede-4822-8032-146d135d3de6.pdf,https://digitaldemocracy.calmatters.org/legislators/stan-ellis-188334
Stan Ellis,2024,Premier Oilfield Service Inc.,Other,$0 - $499,"6810 Downing Avenue, Bakersfield, CA 93308","$0 - $1,999",Business entity,,,,,https://wcfweenxfcmsichcbyki.supabase.in/storage/v1/object/public/pdfs/b48f89b8-cede-4822-8032-146d135d3de6.pdf,https://digitaldemocracy.calmatters.org/legislators/stan-ellis-188334
Stan Ellis,2024,Reservoir Management Services LLC,Other,$0 - $499,"1400 Norris Road, Bakersfield, CA 93308","$0 - $1,999",Business entity,,,,,https://wcfweenxfcmsichcbyki.supabase.in/storage/v1/object/public/pdfs/b48f89b8-cede-4822-8032-146d135d3de6.pdf,https://digitaldemocracy.calmatters.org/legislators/stan-ellis-188334
Stan Ellis,2024,S and B Ellis Farms LLC,Other,"Over $100,000","16208 Zerker Rd, Bakersfield, CA 93308","$100,001 - $1,000,000",Business entity,,,,,https://wcfweenxfcmsichcbyki.supabase.in/storage/v1/object/public/pdfs/b48f89b8-cede-4822-8032-146d135d3de6.pdf,https://digitaldemocracy.calmatters.org/legislators/stan-ellis-188334
Stan Ellis,2024,S and B Ellis Investments Inc.,Other,$0 - $499,"1400 Norris Road, Bakersfield, CA 93308","$0 - $1,999",Business entity,,,,,https://wcfweenxfcmsichcbyki.supabase.in/storage/v1/object/public/pdfs/b48f89b8-cede-4822-8032-146d135d3de6.pdf,https://digitaldemocracy.calmatters.org/legislators/stan-ellis-188334
Stan Ellis,2024,Sierra Process Systems Inc.,Other,$0 - $499,"1400 Norris Road, Bakersfield, CA 93308","$0 - $1,999",Business entity,,,,,https://wcfweenxfcmsichcbyki.supabase.in/storage/v1/object/public/pdfs/b48f89b8-cede-4822-8032-146d135d3de6.pdf,https://digitaldemocracy.calmatters.org/legislators/stan-ellis-188334
Stan Ellis,2024,Bakersfield Professional Sports LLC,Other,"$10,001 - $100,000","1524 Norris Rd, Bakersfield, CA 93308","$0 - $1,999",Business entity,"1524 Norris Rd, Bakersfield, CA 93308","Over $1,000,000",Property,Other,https://wcfweenxfcmsichcbyki.supabase.in/storage/v1/object/public/pdfs/b48f89b8-cede-4822-8032-146d135d3de6.pdf,https://digitaldemocracy.calmatters.org/legislators/stan-ellis-188334
Stan Ellis,2024,Total Process Solutions,Other,$0 - $499,"1400 Norris Road, Bakersfield, CA 93308","$0 - $1,999",Business entity,,,,,https://wcfweenxfcmsichcbyki.supabase.in/storage/v1/object/public/pdfs/b48f89b8-cede-4822-8032-146d135d3de6.pdf,https://digitaldemocracy.calmatters.org/legislators/stan-ellis-188334
Bill Essayli,2024,Essayli & Brown LLP,Partnership,"Over $100,000","2211 Michelson Drive, Suite 900","Over $1,000,000",Business entity,,,,,https://wcfweenxfcmsichcbyki.supabase.in/storage/v1/object/public/pdfs/285244cd-8931-4ed9-9bcc-6df9f8e92b32.pdf,https://digitaldemocracy.calmatters.org/legislators/bill-essayli-165444
Bill Essayli,2023,Essayli & Brown LLP,Partnership,"Over $100,000","2211 Michelson Drive, Suite 900","Over $1,000,000",Business entity,,,,,https://wcfweenxfcmsichcbyki.supabase.in/storage/v1/object/public/pdfs/6c99a4b9-3d9e-440c-b3c1-ff6ff78fd17f.pdf,https://digitaldemocracy.calmatters.org/legislators/bill-essayli-165444
Bill Essayli,2022,Essayli & Brown LLP,Partnership,"$10,001 - $100,000","18191 Von Karman Ave., Suite 100, Irvine, CA 92612","$100,001 - $1,000,000",Business entity,,,,,https://wcfweenxfcmsichcbyki.supabase.in/storage/v1/object/public/pdfs/2ba9e1fc-0ca4-4e31-9372-c8fbaafb96ae.pdf,https://digitaldemocracy.calmatters.org/legislators/bill-essayli-165444
Heath Flora,2024,Golden Valley Equipment,Partnership,$0 - $499,"5143 Bluegum Ave., Modesto, CA 95358","$100,001 - $1,000,000",Business entity,Golden Valley Equipment,"$10,001 - $100,000",Investment,Other,https://wcfweenxfcmsichcbyki.supabase.in/storage/v1/object/public/pdfs/455a72ed-44b5-4076-9f42-62dc4691500d.pdf,https://digitaldemocracy.calmatters.org/legislators/heath-flora-100930
Heath Flora,2023,Golden Valley Equipment,Partnership,$0 - $499,"5143 Bluegum Ave., Modesto CA 95358","$100,001 - $1,000,000",Business entity,"Golden Valley Equipment, Ag Business ","$10,001 - $100,000",Investment,Other,https://wcfweenxfcmsichcbyki.supabase.in/storage/v1/object/public/pdfs/46c16752-4f4c-4448-a46f-154d62f9f90c.pdf,https://digitaldemocracy.calmatters.org/legislators/heath-flora-100930
Heath Flora,2022,Golden Valley Equipment,,$0 - $499,"5143 Bluegum Ave., Modesto, CA 95358",,--,"Golden Valley Equipment, Ag Business","$100,001 - $1,000,000",,Partnership,https://wcfweenxfcmsichcbyki.supabase.in/storage/v1/object/public/pdfs/51843209-efd6-46e8-8e93-f970672debbe.pdf,https://digitaldemocracy.calmatters.org/legislators/heath-flora-100930
Vince Fong,2023,Boschma & Son Dairy ,Partnership,"Over $100,000","24794 Sherwood Ave. Wasco, CA 93280 ","Over $1,000,000",Business entity,"24794 Sherwood Ave. Wasco, CA 93280","Over $1,000,000",Property,Property Ownership/Deed of trust,https://wcfweenxfcmsichcbyki.supabase.in/storage/v1/object/public/pdfs/cba5aeb6-506d-444b-a2f6-87203063a411.pdf,https://digitaldemocracy.calmatters.org/legislators/vince-fong-100939
Laura Friedman,2023,Planetglass.net,Sole Proprietorship,"$1,001 - $10,000","300 Brockmont Drive, Glendale, CA 91202","$10,001 - $100,000",Business entity,,,,,https://wcfweenxfcmsichcbyki.supabase.in/storage/v1/object/public/pdfs/9de665f6-da0d-45dd-b2fd-7b16067ad67c.pdf,https://digitaldemocracy.calmatters.org/legislators/laura-friedman-100935
Laura Friedman,2023,Picture This Land,Sole Proprietorship,"$10,001 - $100,000","300 Brockmont Drive, Glendale, CA 91202","$10,001 - $100,000",Business entity,"300 Brockmont Drive, Glendale, CA 91202","$10,001 - $100,000",Property,Property Ownership/Deed of trust,https://wcfweenxfcmsichcbyki.supabase.in/storage/v1/object/public/pdfs/9de665f6-da0d-45dd-b2fd-7b16067ad67c.pdf,https://digitaldemocracy.calmatters.org/legislators/laura-friedman-100935
Laura Friedman,2022,Planetglass.net,Sole Proprietorship,"$1,001 - $10,000","300 Brockmont Drive, Glendale, CA 91202","$10,001 - $100,000",Business entity,,,,,https://wcfweenxfcmsichcbyki.supabase.in/storage/v1/object/public/pdfs/b0bc28ac-b205-409f-bd30-9dd16eff692f.pdf,https://digitaldemocracy.calmatters.org/legislators/laura-friedman-100935
Laura Friedman,2022,Picture This Land,Sole Proprietorship,"$10,001 - $100,000","300 Brockmont Drive, Glendale, CA 91202","$10,001 - $100,000",Business entity,,"$10,001 - $100,000",Property,Property Ownership/Deed of trust,https://wcfweenxfcmsichcbyki.supabase.in/storage/v1/object/public/pdfs/b0bc28ac-b205-409f-bd30-9dd16eff692f.pdf,https://digitaldemocracy.calmatters.org/legislators/laura-friedman-100935
Laura Friedman,2021,Planetglass.net,Sole Proprietorship,"$1,001 - $10,000","300 Brockmont Drive,Glendale, CA 91202","$10,001 - $100,000",Business entity,,,,,https://wcfweenxfcmsichcbyki.supabase.in/storage/v1/object/public/pdfs/82181533-dcb1-478b-b7b3-83a4aaae30a9.pdf,https://digitaldemocracy.calmatters.org/legislators/laura-friedman-100935
Laura Friedman,2021,Picture This Land,Sole Proprietorship,"$10,001 - $100,000","300 Brockmont Drive, Glendale, CA 91202","$10,001 - $100,000",Business entity,,,,,https://wcfweenxfcmsichcbyki.supabase.in/storage/v1/object/public/pdfs/82181533-dcb1-478b-b7b3-83a4aaae30a9.pdf,https://digitaldemocracy.calmatters.org/legislators/laura-friedman-100935
James Gallagher,2024,Letterkenny Properties LLC,Other,"$10,001 - $100,000","3780 Kempton RD, Rio Oso, CA 95674","$100,001 - $1,000,000",Business entity,Sutter Apn 28-239-66 & 29-20,"$100,001 - $1,000,000",Property,Property Ownership/Deed of trust,https://wcfweenxfcmsichcbyki.supabase.in/storage/v1/object/public/pdfs/f3f835d1-66d3-49da-8ea5-4227047c4192.pdf,https://digitaldemocracy.calmatters.org/legislators/james-gallagher-108
James Gallagher,2024,Cornerstone Land & Investment,Other,"$10,001 - $100,000","855 Harter Parkway, Suite 360, Yuba City, Ca","$100,001 - $1,000,000",Business entity,"855 Harter Parkway, Sutter Suite 360, Yuba City, CA","$100,001 - $1,000,000",Property,Leasehold,https://wcfweenxfcmsichcbyki.supabase.in/storage/v1/object/public/pdfs/f3f835d1-66d3-49da-8ea5-4227047c4192.pdf,https://digitaldemocracy.calmatters.org/legislators/james-gallagher-108
James Gallagher,2024,Donegal Farms LLC,Other,"$10,001 - $100,000","3780 Kempton Road, Rio Oso","$100,001 - $1,000,000",Business entity,"Brewer and Kempton Road, Rio Oso","$100,001 - $1,000,000",Property,Leasehold,https://wcfweenxfcmsichcbyki.supabase.in/storage/v1/object/public/pdfs/f3f835d1-66d3-49da-8ea5-4227047c4192.pdf,https://digitaldemocracy.calmatters.org/legislators/james-gallagher-108
James Gallagher,2024,Donegal Farms LLC,Other,"$10,001 - $100,000","3780 Kempton Road, Rio Oso","$100,001 - $1,000,000",Business entity,Sutter Parcels 020-120-029: 023-025,"$100,001 - $1,000,000",,Leasehold,https://wcfweenxfcmsichcbyki.supabase.in/storage/v1/object/public/pdfs/f3f835d1-66d3-49da-8ea5-4227047c4192.pdf,https://digitaldemocracy.calmatters.org/legislators/james-gallagher-108
James Gallagher,2023,"Letterkenny Properties, LLC",Other,"$10,001 - $100,000","3780 Kempton Rd, Rio Oso, CA 95674","$100,001 - $1,000,000",Business entity,Sutter APN 28-230-66 &29-020,"$100,001 - $1,000,000",Property,Property Ownership/Deed of trust,https://wcfweenxfcmsichcbyki.supabase.in/storage/v1/object/public/pdfs/3ff0441e-4e2f-434e-a9cb-04fa39ecfb52.pdf,https://digitaldemocracy.calmatters.org/legislators/james-gallagher-108
James Gallagher,2023,"Cornerstone Land & Investment Group, Inc.",Other,"$10,001 - $100,000","855 Harter Parkway, Suite 360, Yuba City, Ca","$100,001 - $1,000,000",Business entity,,"$100,001 - $1,000,000",Property,Leasehold,https://wcfweenxfcmsichcbyki.supabase.in/storage/v1/object/public/pdfs/3ff0441e-4e2f-434e-a9cb-04fa39ecfb52.pdf,https://digitaldemocracy.calmatters.org/legislators/james-gallagher-108
James Gallagher,2023,Donegal Farms LLC,,"$10,001 - $100,000","Brewer and Kempton Rd., Rio Oso","$100,001 - $1,000,000",Business entity,,"$100,001 - $1,000,000",Property,Leasehold,https://wcfweenxfcmsichcbyki.supabase.in/storage/v1/object/public/pdfs/3ff0441e-4e2f-434e-a9cb-04fa39ecfb52.pdf,https://digitaldemocracy.calmatters.org/legislators/james-gallagher-108
James Gallagher,2022,Letterkenny Properties,Other,"$10,001 - $100,000","3780 Kempton Rd, Rio Oso, CA 95674","$100,001 - $1,000,000",Business entity,Sutter APN's 28-230-66 & 29-020-096,"$100,001 - $1,000,000",Property,Property Ownership/Deed of trust,https://wcfweenxfcmsichcbyki.supabase.in/storage/v1/object/public/pdfs/4fbc2a60-40f9-4464-a339-b971c45a5571.pdf,https://digitaldemocracy.calmatters.org/legislators/james-gallagher-108
James Gallagher,2022,Letterkenny Properties,Other,"$10,001 - $100,000","3780 Kempton Rd, Rio Oso, CA 95674","$100,001 - $1,000,000",Business entity,Colusa APN 001-042-004,"$100,001 - $1,000,000",Property,Property Ownership/Deed of trust,https://wcfweenxfcmsichcbyki.supabase.in/storage/v1/object/public/pdfs/4fbc2a60-40f9-4464-a339-b971c45a5571.pdf,https://digitaldemocracy.calmatters.org/legislators/james-gallagher-108
James Gallagher,2022,Cornerstone Land & Investment Company,Other,"$10,001 - $100,000","855 Harter Parkway, Suite 360, Yuba City, CA","$100,001 - $1,000,000",Business entity,,"$100,001 - $1,000,000",Property,Leasehold,https://wcfweenxfcmsichcbyki.supabase.in/storage/v1/object/public/pdfs/4fbc2a60-40f9-4464-a339-b971c45a5571.pdf,https://digitaldemocracy.calmatters.org/legislators/james-gallagher-108
James Gallagher,2022,Donegal Farms LLC,Other,"$10,001 - $100,000","3780 Kempton Rd, Rio Oso CA 95674","$100,001 - $1,000,000",Business entity,Sutter APN 28-30-028,"$100,001 - $1,000,000",Property,Leasehold,https://wcfweenxfcmsichcbyki.supabase.in/storage/v1/object/public/pdfs/4fbc2a60-40f9-4464-a339-b971c45a5571.pdf,https://digitaldemocracy.calmatters.org/legislators/james-gallagher-108
James Gallagher,2021,"Letterkenny Properties, LLC.",Other,"$10,001 - $100,000","3780 Kempton Rd., Rio Oso, CA","$100,001 - $1,000,000",Business entity,Sutter APNs 28-230-66 + 28-020-096,"$100,001 - $1,000,000",Property,Property Ownership/Deed of trust,https://wcfweenxfcmsichcbyki.supabase.in/storage/v1/object/public/pdfs/6fa2d330-a385-4ee6-8b60-3aa6cd69d3fb.pdf,https://digitaldemocracy.calmatters.org/legislators/james-gallagher-108
James Gallagher,2021,"Letterkenny Properties, LLC.",Other,"$10,001 - $100,000","3780 Kempton Rd., Rio Oso, CA","$100,001 - $1,000,000",Business entity,Colusa APN 001-042-004,"$100,001 - $1,000,000",Property,Property Ownership/Deed of trust,https://wcfweenxfcmsichcbyki.supabase.in/storage/v1/object/public/pdfs/6fa2d330-a385-4ee6-8b60-3aa6cd69d3fb.pdf,https://digitaldemocracy.calmatters.org/legislators/james-gallagher-108
James Gallagher,2021,"Letterkenny Properties, LLC.",Other,"$10,001 - $100,000","3780 Kempton Rd., Rio Oso, CA","$100,001 - $1,000,000",Business entity,Sutter APNs 51-245-004,"$100,001 - $1,000,000",Property,Property Ownership/Deed of trust,https://wcfweenxfcmsichcbyki.supabase.in/storage/v1/object/public/pdfs/6fa2d330-a385-4ee6-8b60-3aa6cd69d3fb.pdf,https://digitaldemocracy.calmatters.org/legislators/james-gallagher-108
James Gallagher,2021,"Letterkenny Properties, LLC.",Other,"$10,001 - $100,000","3780 Kempton Rd., Rio Oso, CA","$100,001 - $1,000,000",Business entity,Sutter APNs 28-230-66 + 28-020-096,"$100,001 - $1,000,000",,Property Ownership/Deed of trust,https://wcfweenxfcmsichcbyki.supabase.in/storage/v1/object/public/pdfs/6fa2d330-a385-4ee6-8b60-3aa6cd69d3fb.pdf,https://digitaldemocracy.calmatters.org/legislators/james-gallagher-108
James Gallagher,2021,"Letterkenny Properties, LLC.",Other,"$10,001 - $100,000","3780 Kempton Rd., Rio Oso, CA","$100,001 - $1,000,000",Business entity,Colusa APN 001-042-004,"$100,001 - $1,000,000",Property,Property Ownership/Deed of trust,https://wcfweenxfcmsichcbyki.supabase.in/storage/v1/object/public/pdfs/6fa2d330-a385-4ee6-8b60-3aa6cd69d3fb.pdf,https://digitaldemocracy.calmatters.org/legislators/james-gallagher-108
Robert Garcia,2024,Lyla R. Bloomfield Living Trust 1/24,,"$10,001 - $100,000",19659 Castle Harbor Ct. Apple Valley CA 92308,,Trust,1090-023-51-0-000,"$100,001 - $1,000,000",Property,Other,https://wcfweenxfcmsichcbyki.supabase.in/storage/v1/object/public/pdfs/6e23d5e8-0f5a-4008-b22e-46a5c046b4d2.pdf,https://digitaldemocracy.calmatters.org/legislators/robert-garcia-109905
Steve Glazer,2023,Glazer and Associates,,,"21C Orinda Way, #111, Orinda, CA 94563","$0 - $1,999",Business entity,,,,,https://wcfweenxfcmsichcbyki.supabase.in/storage/v1/object/public/pdfs/4ff6569b-bc7a-4ece-9708-5b14b0cc440a.pdf,https://digitaldemocracy.calmatters.org/legislators/steven-glazer-165414
Steve Glazer,2022,Glazer & Associates,,$0 - $499,"21C Orinda War, #111, Orinda, CA 94563","$0 - $1,999",Business entity,,,,,https://wcfweenxfcmsichcbyki.supabase.in/storage/v1/object/public/pdfs/ee449269-aff8-46f4-818e-8aa238015476.pdf,https://digitaldemocracy.calmatters.org/legislators/steven-glazer-165414
Steve Glazer,2021,GLAZER AND ASSOCIATES,Sole Proprietorship,$0 - $499,"21 C ORINDA WAY, ORINDA, CA 94563","$0 - $1,999",Business entity,,,,,https://wcfweenxfcmsichcbyki.supabase.in/storage/v1/object/public/pdfs/c8a5612e-c6be-42ef-ac31-46d629c9369c.pdf,https://digitaldemocracy.calmatters.org/legislators/steven-glazer-165414
Lena Gonzalez,2024,"Partake Collective, Inc.",Partnership,"Over $100,000","18881 Von Karman Avenue, Irvine, CA 92612","Over $1,000,000",Business entity,Partake Collective Project 001 L.P.,"Over $1,000,000",Property,Property Ownership/Deed of trust,https://wcfweenxfcmsichcbyki.supabase.in/storage/v1/object/public/pdfs/b7ba3639-ed6b-4ecb-8867-3be5582ff900.pdf,https://digitaldemocracy.calmatters.org/legislators/lena-gonzalez-165452
Lena Gonzalez,2024,"Partake Collective, Inc. (cont.)",Partnership,"Over $100,000","18881 Von Karman Avenue, Irvine, CA 92612","Over $1,000,000",Business entity,Partake Collective Project 002 L.P.,"Over $1,000,000",Property,Property Ownership/Deed of trust,https://wcfweenxfcmsichcbyki.supabase.in/storage/v1/object/public/pdfs/b7ba3639-ed6b-4ecb-8867-3be5582ff900.pdf,https://digitaldemocracy.calmatters.org/legislators/lena-gonzalez-165452
Jeff Gonzalez,2024,RNX International,Partnership,"Over $100,000",Workspace to prepare data for chart 6l9sN,"$100,001 - $1,000,000",Business entity,,,,,https://wcfweenxfcmsichcbyki.supabase.in/storage/v1/object/public/pdfs/d991efab-96ce-4b1a-ac18-d1991632bc7e.pdf,https://digitaldemocracy.calmatters.org/legislators/jeff-gonzalez-187454
Jeff Gonzalez,2024,Slinger Staffing Agency,Partnership,"Over $100,000","PO Box 7542, La Quinta, CA 92248","$100,001 - $1,000,000",Business entity,,,,,https://wcfweenxfcmsichcbyki.supabase.in/storage/v1/object/public/pdfs/d991efab-96ce-4b1a-ac18-d1991632bc7e.pdf,https://digitaldemocracy.calmatters.org/legislators/jeff-gonzalez-187454
Lena Gonzalez,2023,"Partake Collective, Inc.",Partnership,,"18881 Von Karman Avenue, Irvine, CA 92612","Over $1,000,000",Business entity,Partake Collective Project 001 L.P.,"Over $1,000,000",Property,Property Ownership/Deed of trust,https://wcfweenxfcmsichcbyki.supabase.in/storage/v1/object/public/pdfs/c8fe0a48-0f38-4d94-8543-3548ddde70e7.pdf,https://digitaldemocracy.calmatters.org/legislators/lena-gonzalez-165452
Lena Gonzalez,2023,"Partake Collective, Inc.",Partnership,"Over $100,000","18881 Von Karman Avenue, Irvine, CA 92612","Over $1,000,000",Business entity,Partake Collective Project 002 L.P.,"Over $1,000,000",Property,Property Ownership/Deed of trust,https://wcfweenxfcmsichcbyki.supabase.in/storage/v1/object/public/pdfs/c8fe0a48-0f38-4d94-8543-3548ddde70e7.pdf,https://digitaldemocracy.calmatters.org/legislators/lena-gonzalez-165452
Lena Gonzalez,2022,"Partake Collective, Inc. ",Partnership,"Over $100,000","18881 Von Karman Avenue, Irvine, CA 92612","Over $1,000,000",Business entity,Partake Collective Project 001 L.P.,"Over $1,000,000",Property,Property Ownership/Deed of trust,https://wcfweenxfcmsichcbyki.supabase.in/storage/v1/object/public/pdfs/7fa64657-d614-41ea-bdce-3a450dee5f5d.pdf,https://digitaldemocracy.calmatters.org/legislators/lena-gonzalez-165452
Lena Gonzalez,2022,"Partake Collective, Inc. ",Partnership,"Over $100,000","18881 Von Karman Avenue, Irvine, CA 92612","Over $1,000,000",Business entity,Partake Collective Project 002 L.P. ,"Over $1,000,000",Property,Property Ownership/Deed of trust,https://wcfweenxfcmsichcbyki.supabase.in/storage/v1/object/public/pdfs/7fa64657-d614-41ea-bdce-3a450dee5f5d.pdf,https://digitaldemocracy.calmatters.org/legislators/lena-gonzalez-165452
Lena Gonzalez,2021,Partake Collective,Partnership,"Over $100,000","18881 Von Karman Avenue, Irvine, CA 92612","Over $1,000,000",Business entity,Partake Collective Project 001 L.P.,"Over $1,000,000",Property,Property Ownership/Deed of trust,https://wcfweenxfcmsichcbyki.supabase.in/storage/v1/object/public/pdfs/d2b273db-ec53-466a-873a-2934ce3d521e.pdf,https://digitaldemocracy.calmatters.org/legislators/lena-gonzalez-165452
Lena Gonzalez,2021,"Partake Collective, Inc.",Partnership,"Over $100,000","18881 Von Karman Avenue, Irvine, CA 92612","Over $1,000,000",Business entity,Partake Collective Project 002 L.P.,"Over $1,000,000",Property,Property Ownership/Deed of trust,https://wcfweenxfcmsichcbyki.supabase.in/storage/v1/object/public/pdfs/d2b273db-ec53-466a-873a-2934ce3d521e.pdf,https://digitaldemocracy.calmatters.org/legislators/lena-gonzalez-165452
Tim Grayson,2024,Grayson Construction,Sole Proprietorship,"$1,001 - $10,000",3336 Winthrop Street Concord CA 94519,"$10,001 - $100,000",Business entity,,,,,https://wcfweenxfcmsichcbyki.supabase.in/storage/v1/object/public/pdfs/e04c03dc-fba4-461e-89e4-43d14a564979.pdf,https://digitaldemocracy.calmatters.org/legislators/timothy-grayson-101329
Tim Grayson,2023,Grayson Construction,Sole Proprietorship,"$1,001 - $10,000",3336 Winthrop Street Concord CA 94519,"$10,001 - $100,000",Business entity,,,,,https://wcfweenxfcmsichcbyki.supabase.in/storage/v1/object/public/pdfs/91ba77d3-5ce9-4b5b-a11d-00b4477f8ba3.pdf,https://digitaldemocracy.calmatters.org/legislators/timothy-grayson-101329
Tim Grayson,2022,Grayson Construction,Sole Proprietorship,"$1,001 - $10,000","3336 Winthrop Street Concord, CA 94519","$10,001 - $100,000",Business entity,,,,,https://wcfweenxfcmsichcbyki.supabase.in/storage/v1/object/public/pdfs/94b3ed68-7708-4ec3-8598-90c9e8b5033d.pdf,https://digitaldemocracy.calmatters.org/legislators/timothy-grayson-101329
Tim Grayson,2021,Grayson Construction,Sole Proprietorship,"$1,001 - $10,000",3336 Winthrop Street Concord CA 94519,"$10,001 - $100,000",Business entity,,,,,https://wcfweenxfcmsichcbyki.supabase.in/storage/v1/object/public/pdfs/7d785c76-c15a-4c3e-a5f6-60a22d6566c2.pdf,https://digitaldemocracy.calmatters.org/legislators/timothy-grayson-101329
Shannon Grove,2024,Continental Labor and Staffing Resources,Other,"$10,001 - $100,000","900 Mohawk Street, Suite 120 Bakersfield, CA 93389","Over $1,000,000",Business entity,SEE ATTACHED,"$100,001 - $1,000,000",Property,Leasehold,https://wcfweenxfcmsichcbyki.supabase.in/storage/v1/object/public/pdfs/5f8f300e-96a9-4703-b5d6-c49f3828d1a8.pdf,https://digitaldemocracy.calmatters.org/legislators/shannon-grove-77
Shannon Grove,2023,Continental Labor and Staffing Resources,Other,"$10,001 - $100,000","900 Mohawk Street, Suite 120 Bakersfield, CA 93389","Over $1,000,000",Business entity,,--,Property,,https://wcfweenxfcmsichcbyki.supabase.in/storage/v1/object/public/pdfs/4303c22f-7da2-4e04-a9ea-f1222b21f879.pdf,https://digitaldemocracy.calmatters.org/legislators/shannon-grove-77
Shannon Grove,2022,Continental Labor and Staffing Resources,Other,"$10,001 - $100,000","900 Mohawk Street, Suite 120 Bakersfield CA 93309","Over $1,000,000",Business entity,900 Mohawk Suite 120,"$100,001 - $1,000,000",Property,Leasehold,https://wcfweenxfcmsichcbyki.supabase.in/storage/v1/object/public/pdfs/e0ebfcbf-000b-48d9-9248-8d68d1b4bdd6.pdf,https://digitaldemocracy.calmatters.org/legislators/shannon-grove-77
Shannon Grove,2022,Continental Safety Consulting Services,Other,$0 - $499,"900 Mohawk Street, Suite 110 Bakersfield, CA 93309","$10,001 - $100,000",Business entity,Continental Safety Consulting Services,"$2,000 - $10,000",Property,Leasehold,https://wcfweenxfcmsichcbyki.supabase.in/storage/v1/object/public/pdfs/e0ebfcbf-000b-48d9-9248-8d68d1b4bdd6.pdf,https://digitaldemocracy.calmatters.org/legislators/shannon-grove-77
Shannon Grove,2021,Continental Labor and Staffing Resources,Other,"$10,001 - $100,000","900 Mohawk Street, Suite 120 Bakersfield CA 93309","$100,001 - $1,000,000",Business entity,See attachment,,Property,,https://wcfweenxfcmsichcbyki.supabase.in/storage/v1/object/public/pdfs/1d66a914-faf6-456f-b0e6-79eb85e1932c.pdf,https://digitaldemocracy.calmatters.org/legislators/shannon-grove-77
Shannon Grove,2021,Continental Safety Consulting Services,Other,$0 - $499,"900 Mohawk Street, Suite 110 Bakersfield CA 93309","$2,000 - $10,000",Business entity,Continental Safety Consulting Services,"$2,000 - $10,000",Property,Leasehold,https://wcfweenxfcmsichcbyki.supabase.in/storage/v1/object/public/pdfs/1d66a914-faf6-456f-b0e6-79eb85e1932c.pdf,https://digitaldemocracy.calmatters.org/legislators/shannon-grove-77
Heather Hadwick,2024,Hadwick Family Farm,Sole Proprietorship,"$10,001 - $100,000","2454 County Road 56, Alturas, CA 96101","$10,001 - $100,000",Business entity,Hadwick Family Farm,"$100,001 - $1,000,000",Property,Property Ownership/Deed of trust,https://wcfweenxfcmsichcbyki.supabase.in/storage/v1/object/public/pdfs/d3fea22b-456d-451c-bbde-7a75b906b07e.pdf,https://digitaldemocracy.calmatters.org/legislators/heather-hadwick-187417
Chris Holden,2023,Melanie Holden (Realtor for Berkshire Hathaway) ,Sole Proprietorship,"$10,001 - $100,000",482 N Rosemead Blvd Suite 101 Pasadena CA 91107 ,"$10,001 - $100,000",Business entity,,,,,https://wcfweenxfcmsichcbyki.supabase.in/storage/v1/object/public/pdfs/f48785c9-4f9a-4364-9281-930d878df1cc.pdf,https://digitaldemocracy.calmatters.org/legislators/chris-holden-78
Chris Holden,2022,Melanie Holden (Realtor for Keller Williams),Other,"$10,001 - $100,000","251 South Lake Avenue, Pasadena CA 91101","$0 - $1,999",Business entity,,,,,https://wcfweenxfcmsichcbyki.supabase.in/storage/v1/object/public/pdfs/515676c3-90a6-42fb-afca-b36c68e40067.pdf,https://digitaldemocracy.calmatters.org/legislators/chris-holden-78
Chris Holden,2022,Genesis Consulting,Sole Proprietorship,$0 - $499,589 East Jackson Street Pasadena CA 91104,"$0 - $1,999",Business entity,,,,,https://wcfweenxfcmsichcbyki.supabase.in/storage/v1/object/public/pdfs/515676c3-90a6-42fb-afca-b36c68e40067.pdf,https://digitaldemocracy.calmatters.org/legislators/chris-holden-78
Chris Holden,2022,Melanie Holden (Realtor for Berkshire Hathaway),,$0 - $499,482 N Rosemead Blvd Suite 101 Pasadena CA 91107,"$0 - $1,999",Business entity,,,,,https://wcfweenxfcmsichcbyki.supabase.in/storage/v1/object/public/pdfs/515676c3-90a6-42fb-afca-b36c68e40067.pdf,https://digitaldemocracy.calmatters.org/legislators/chris-holden-78
Chris Holden,2021,Melanie Holden (Realtor for Keller Williams),Other,"$10,001 - $100,000","251 South Lake Avenue, Pasadena, CA 91101","$0 - $1,999",Business entity,,,,,https://wcfweenxfcmsichcbyki.supabase.in/storage/v1/object/public/pdfs/d2febb30-27cd-4009-b9e9-d104a4b76a5c.pdf,https://digitaldemocracy.calmatters.org/legislators/chris-holden-78
Chris Holden,2021,Genesis Consulting,Sole Proprietorship,"$10,001 - $100,000","589 East Jackson Street, Pasadena, CA 91104","$0 - $1,999",Business entity,,,,,https://wcfweenxfcmsichcbyki.supabase.in/storage/v1/object/public/pdfs/d2febb30-27cd-4009-b9e9-d104a4b76a5c.pdf,https://digitaldemocracy.calmatters.org/legislators/chris-holden-78
Brian Jones,2024,Dior Jones,Partnership,"$1,001 - $10,000","10517 Braverman Dr, Santee, CA 92071","$10,001 - $100,000",Business entity,,,,,https://wcfweenxfcmsichcbyki.supabase.in/storage/v1/object/public/pdfs/44185c8c-ca40-4c31-8f0a-54b6a918d781.pdf,https://digitaldemocracy.calmatters.org/legislators/brian-jones-42
Brian Jones,2023,Dior Jones,Partnership,"$1,001 - $10,000","10517 Braverman Dr, Santee, CA 92071","$10,001 - $100,000",Business entity,,,,,https://wcfweenxfcmsichcbyki.supabase.in/storage/v1/object/public/pdfs/23571705-83b3-4d45-a4bc-f3a8a39bf179.pdf,https://digitaldemocracy.calmatters.org/legislators/brian-jones-42
Brian Jones,2022,Dior Jones,Partnership,"$1,001 - $10,000","10517 Braverman Dr, Santee, CA 92071 ","$10,001 - $100,000",Business entity,,,,,https://wcfweenxfcmsichcbyki.supabase.in/storage/v1/object/public/pdfs/b90ca49b-ac4f-4194-bf82-4816bf05d1b4.pdf,https://digitaldemocracy.calmatters.org/legislators/brian-jones-42
Brian Jones,2021,Dior Jones,Partnership,"$1,001 - $10,000","10517 Braverman Dr, Santee, CA 92071","$10,001 - $100,000",Business entity,,,,,https://wcfweenxfcmsichcbyki.supabase.in/storage/v1/object/public/pdfs/29d7121c-e6cd-48d1-bc01-205c39faf303.pdf,https://digitaldemocracy.calmatters.org/legislators/brian-jones-42
Sydney Kamlager,2021,Law Office of Austin Dove,Sole Proprietorship,"Over $100,000","3500 Beverly Blvd, Montebello CA","$100,001 - $1,000,000",Business entity,,,,,https://wcfweenxfcmsichcbyki.supabase.in/storage/v1/object/public/pdfs/7650c0c5-fb76-4a6e-a4af-accbf8cd4f21.pdf,https://digitaldemocracy.calmatters.org/legislators/sydney-kamlager
John Laird,2024,John Flores,Sole Proprietorship,"$1,001 - $10,000","1214 King Street, Santa Cruz, CA 95060","$10,001 - $100,000",Business entity,,,,,https://wcfweenxfcmsichcbyki.supabase.in/storage/v1/object/public/pdfs/5f72c966-958b-46b7-90e5-0f4ce51f3c9a.pdf,https://digitaldemocracy.calmatters.org/legislators/john-laird-3108
John Laird,2023,John Flores,Sole Proprietorship,"$1,001 - $10,000","1214 King Street, Santa Cruz, CA 95060","$10,001 - $100,000",Business entity,,,,,https://wcfweenxfcmsichcbyki.supabase.in/storage/v1/object/public/pdfs/76742623-7798-45d6-9e28-04b20b8d808d.pdf,https://digitaldemocracy.calmatters.org/legislators/john-laird-3108
John Laird,2022,John Flores (Spouse),Sole Proprietorship,"$1,001 - $10,000","1214 King Street, Santa Cruz, CA 95060","$10,001 - $100,000",Business entity,,,,,https://wcfweenxfcmsichcbyki.supabase.in/storage/v1/object/public/pdfs/99a0b36c-bd34-408a-8a0c-bbf33fa9bce6.pdf,https://digitaldemocracy.calmatters.org/legislators/john-laird-3108
John Laird,2021,John Fores(spouse) - artist,,"$10,001 - $100,000",1214 King Street,,,,,,,https://wcfweenxfcmsichcbyki.supabase.in/storage/v1/object/public/pdfs/a2d30116-f87e-4d39-a75b-1dd0b9996b2b.pdf,https://digitaldemocracy.calmatters.org/legislators/john-laird-3108
Connie Leyva,2021,First Impressions Silk Screening,,,6848 Lacey Ct Chino CA 91719,"$10,001 - $100,000",Business entity,,,,,https://wcfweenxfcmsichcbyki.supabase.in/storage/v1/object/public/pdfs/4f36e8fe-e175-44dc-940d-fd13eeb17f7a.pdf,https://digitaldemocracy.calmatters.org/legislators/connie-leyva
Josh Lowenthal,2024,ATL,Partnership,"$10,001 - $100,000","5318 E. 2nd Street, Long Beach CA 90803","$100,001 - $1,000,000",Business entity,,,,,https://wcfweenxfcmsichcbyki.supabase.in/storage/v1/object/public/pdfs/273b84a6-9c0e-4ebb-a43b-89a424a25874.pdf,https://digitaldemocracy.calmatters.org/legislators/josh-lowenthal-164206
Josh Lowenthal,2024,Dough Boys LLC,Partnership,"$10,001 - $100,000","3722 Atlantic Ave, Long Beach 90807","$100,001 - $1,000,000",Business entity,,,,,https://wcfweenxfcmsichcbyki.supabase.in/storage/v1/object/public/pdfs/273b84a6-9c0e-4ebb-a43b-89a424a25874.pdf,https://digitaldemocracy.calmatters.org/legislators/josh-lowenthal-164206
Josh Lowenthal,2024,Jarvik Seven LLC,Partnership,"$10,001 - $100,000","5318 E. 2nd Street Long Beach, 90803","$100,001 - $1,000,000",Business entity,,,,,https://wcfweenxfcmsichcbyki.supabase.in/storage/v1/object/public/pdfs/273b84a6-9c0e-4ebb-a43b-89a424a25874.pdf,https://digitaldemocracy.calmatters.org/legislators/josh-lowenthal-164206
Josh Lowenthal,2024,JOVER,Partnership,$0 - $499,"5318 E. 2nd Street, Long Beach CA 90803","Over $1,000,000",Business entity,,,,,https://wcfweenxfcmsichcbyki.supabase.in/storage/v1/object/public/pdfs/273b84a6-9c0e-4ebb-a43b-89a424a25874.pdf,https://digitaldemocracy.calmatters.org/legislators/josh-lowenthal-164206
Josh Lowenthal,2024,ORV Capital Corp,Partnership,"Over $100,000","5318 E. 2nd Street, Long Beach CA 90803","$100,001 - $1,000,000",Business entity,Dough Boys LLC dba Nonna Mercato,"$100,001 - $1,000,000",Investment,Partnership,https://wcfweenxfcmsichcbyki.supabase.in/storage/v1/object/public/pdfs/273b84a6-9c0e-4ebb-a43b-89a424a25874.pdf,https://digitaldemocracy.calmatters.org/legislators/josh-lowenthal-164206
Josh Lowenthal,2023,ATL,Partnership,"$10,001 - $100,000","5318 E. 2nd Street, Long Beach CA 90803","$100,001 - $1,000,000",Business entity,,,,,https://wcfweenxfcmsichcbyki.supabase.in/storage/v1/object/public/pdfs/18fdabf2-36ac-490f-81ea-791cd5beb3f4.pdf,https://digitaldemocracy.calmatters.org/legislators/josh-lowenthal-164206
Josh Lowenthal,2023,Dough Boys LLC,Partnership,"$10,001 - $100,000","3722 Atlantic Ave, Long Beach 90807","$100,001 - $1,000,000",Business entity,,,,,https://wcfweenxfcmsichcbyki.supabase.in/storage/v1/object/public/pdfs/18fdabf2-36ac-490f-81ea-791cd5beb3f4.pdf,https://digitaldemocracy.calmatters.org/legislators/josh-lowenthal-164206
Josh Lowenthal,2023,Jarvik Seven LLC,Partnership,"$10,001 - $100,000","5318 E. 2nd Street Long Beach, 90803","$100,001 - $1,000,000",Business entity,,,,,https://wcfweenxfcmsichcbyki.supabase.in/storage/v1/object/public/pdfs/18fdabf2-36ac-490f-81ea-791cd5beb3f4.pdf,https://digitaldemocracy.calmatters.org/legislators/josh-lowenthal-164206
Josh Lowenthal,2023,JOVER,Partnership,$0 - $499,"5318 E. 2nd Street, Long Beach CA 90803","Over $1,000,000",Business entity,,,,,https://wcfweenxfcmsichcbyki.supabase.in/storage/v1/object/public/pdfs/18fdabf2-36ac-490f-81ea-791cd5beb3f4.pdf,https://digitaldemocracy.calmatters.org/legislators/josh-lowenthal-164206
Josh Lowenthal,2023,ORV Capital Corp,Partnership,"Over $100,000","5318 E. 2nd Street, Long Beach CA 90803","$100,001 - $1,000,000",Business entity,,"$100,001 - $1,000,000",Investment,Partnership,https://wcfweenxfcmsichcbyki.supabase.in/storage/v1/object/public/pdfs/18fdabf2-36ac-490f-81ea-791cd5beb3f4.pdf,https://digitaldemocracy.calmatters.org/legislators/josh-lowenthal-164206
Josh Lowenthal,2022,JOVER,Partnership,$0 - $499,"5318 E. 2nd Street, Long Beach CA 90803","Over $1,000,000",Business entity,,,,,https://wcfweenxfcmsichcbyki.supabase.in/storage/v1/object/public/pdfs/210101b1-fc1d-4a6b-b2d2-e95f5e3c8241.pdf,https://digitaldemocracy.calmatters.org/legislators/josh-lowenthal-164206
Josh Lowenthal,2022,ATL,Partnership,"$10,001 - $100,000","5318 E. 2nd Street, Long Beach CA 90803","$100,001 - $1,000,000",Business entity,,,,,https://wcfweenxfcmsichcbyki.supabase.in/storage/v1/object/public/pdfs/210101b1-fc1d-4a6b-b2d2-e95f5e3c8241.pdf,https://digitaldemocracy.calmatters.org/legislators/josh-lowenthal-164206
Josh Lowenthal,2022,ORV Capital Corp,Partnership,"Over $100,000","5318 E. 2nd Street, Long Beach CA 90803","$100,001 - $1,000,000",Business entity,Dough Boys LLC dba Nonna Mercato,"$100,001 - $1,000,000",Investment,Partnership,https://wcfweenxfcmsichcbyki.supabase.in/storage/v1/object/public/pdfs/210101b1-fc1d-4a6b-b2d2-e95f5e3c8241.pdf,https://digitaldemocracy.calmatters.org/legislators/josh-lowenthal-164206
Josh Lowenthal,2022,Dough Boys LLC,Partnership,"$10,001 - $100,000","3722 Atlantic Ave, Long Beach 90807","$100,001 - $1,000,000",Business entity,,,,,https://wcfweenxfcmsichcbyki.supabase.in/storage/v1/object/public/pdfs/210101b1-fc1d-4a6b-b2d2-e95f5e3c8241.pdf,https://digitaldemocracy.calmatters.org/legislators/josh-lowenthal-164206
Josh Lowenthal,2022,Jarvik Seven LLC,Partnership,"$10,001 - $100,000","5318 E. 2nd Street Long Beach, 90803","$100,001 - $1,000,000",Business entity,,,,,https://wcfweenxfcmsichcbyki.supabase.in/storage/v1/object/public/pdfs/210101b1-fc1d-4a6b-b2d2-e95f5e3c8241.pdf,https://digitaldemocracy.calmatters.org/legislators/josh-lowenthal-164206
Alexandra Macedo,2024,Macedo Environmental Consulting,Other,"Over $100,000","4001 South K Street, Tulare, CA 93274","$100,001 - $1,000,000",Business entity,,,,,https://wcfweenxfcmsichcbyki.supabase.in/storage/v1/object/public/pdfs/c7c516e5-6adb-4f66-b794-8171f73d9c2e.pdf,https://digitaldemocracy.calmatters.org/legislators/alexandra-macedo-187421
Brian Maienschein,2023,Collectible Books and More SD ,,"$10,001 - $100,000","9550 Kearny Mesa Road, San Diego, CA 92126",,,9550 Kearny Mesa Road ,"$10,001 - $100,000",Property,Leasehold,https://wcfweenxfcmsichcbyki.supabase.in/storage/v1/object/public/pdfs/4fd8fa59-ce21-41ad-af4b-1a5ceef33d45.pdf,https://digitaldemocracy.calmatters.org/legislators/brian-maienschein-84
Brian Maienschein,2022,Collectible Books and More SD,Sole Proprietorship,"$10,001 - $100,000","9550 Kearny Mesa Rd. San Diego, CA 92126","$10,001 - $100,000",Business entity,9550 Kearny Mesa Rd.,"$2,000 - $10,000",Property,Leasehold,https://wcfweenxfcmsichcbyki.supabase.in/storage/v1/object/public/pdfs/b11a56c6-0a54-494f-9605-a51401821a8f.pdf,https://digitaldemocracy.calmatters.org/legislators/brian-maienschein-84
Brian Maienschein,2021,Collectible Books and More SD,Sole Proprietorship,"$10,001 - $100,000","9550 Kearny Mesa Rd. San Diego, CA 92126","$10,001 - $100,000",Business entity,9550 Kearny Mesa Rd.,"$2,000 - $10,000",Property,Leasehold,https://wcfweenxfcmsichcbyki.supabase.in/storage/v1/object/public/pdfs/f106369a-a14b-4333-9cd5-fa54f385b802.pdf,https://digitaldemocracy.calmatters.org/legislators/brian-maienschein-84
Suzette Martinez,2024,Little Steps of Faith Preschool,Other,"$10,001 - $100,000","14021 Sayre Street, Sylmar","$0 - $1,999",Business entity,,,,,https://wcfweenxfcmsichcbyki.supabase.in/storage/v1/object/public/pdfs/c81e8afb-0f8b-4ac1-ba37-eaa4f0808d19.pdf,https://digitaldemocracy.calmatters.org/legislators/suzette-martinez
Suzette Martinez,2024,Good Citizen Strategies,Sole Proprietorship,"$10,001 - $100,000",1903 Leandro,"$10,001 - $100,000",Business entity,,,,,https://wcfweenxfcmsichcbyki.supabase.in/storage/v1/object/public/pdfs/c81e8afb-0f8b-4ac1-ba37-eaa4f0808d19.pdf,https://digitaldemocracy.calmatters.org/legislators/suzette-martinez
Tina McKinnor,2024,The McKinnor Group,Sole Proprietorship,"$10,001 - $100,000","1140 S. Grevillea Ave, Inglewood, CA 90301","$10,001 - $100,000",Business entity,,,,,https://wcfweenxfcmsichcbyki.supabase.in/storage/v1/object/public/pdfs/ba48c377-16b2-4c05-a61b-e968dfee5cc2.pdf,https://digitaldemocracy.calmatters.org/legislators/tina-mckinnor-35053
Tina McKinnor,2023,The McKinnor Group,Partnership,"$10,001 - $100,000","12707 Freeman Ave., Hawthorne, CA 90250","$10,001 - $100,000",Business entity,,,,,https://wcfweenxfcmsichcbyki.supabase.in/storage/v1/object/public/pdfs/849bc007-2851-484e-90a7-033f9962bde3.pdf,https://digitaldemocracy.calmatters.org/legislators/tina-mckinnor-35053
Tina McKinnor,2022,The McKinnor Group,Partnership,"$10,001 - $100,000","12707 Freeman Ave., Hawthorne, CA 90250","$10,001 - $100,000",Business entity,,,,,https://wcfweenxfcmsichcbyki.supabase.in/storage/v1/object/public/pdfs/a1e2fb48-290c-4026-a27e-a0a3df31840b.pdf,https://digitaldemocracy.calmatters.org/legislators/tina-mckinnor-35053
Tina McKinnor,2022,The McKinnor Group,Partnership,"$10,001 - $100,000","12707 Freeman Ave., Hawthorne, CA 90250","$10,001 - $100,000",Business entity,,,,,https://wcfweenxfcmsichcbyki.supabase.in/storage/v1/object/public/pdfs/16c3965a-dbe6-41f7-81eb-f87c73165545.pdf,https://digitaldemocracy.calmatters.org/legislators/tina-mckinnor-35053
Melissa Melendez,2021,"Melendez Consulting, Inc",Partnership,"$10,001 - $100,000","9 Corte Rossa, Lake Elsinore 92532","$100,001 - $1,000,000",Business entity,,,,,https://wcfweenxfcmsichcbyki.supabase.in/storage/v1/object/public/pdfs/bc08e145-b834-4c80-80f6-0558f60a8aa3.pdf,https://digitaldemocracy.calmatters.org/legislators/melissa-melendez
Melissa Melendez,2021,Cherished Memories Photography,Partnership,"$10,001 - $100,000","Lake Elsinore, CA 92532",,Business entity,,,,,https://wcfweenxfcmsichcbyki.supabase.in/storage/v1/object/public/pdfs/bc08e145-b834-4c80-80f6-0558f60a8aa3.pdf,https://digitaldemocracy.calmatters.org/legislators/melissa-melendez
Janet Nguyen,2023,"BTNT Group, LLC dba Nguyen & Associates ",Other,"$1,001 - $10,000","12866 Main St., #105 Garden Grove, CA 92840 ","$10,001 - $100,000",Business entity,,,,,https://wcfweenxfcmsichcbyki.supabase.in/storage/v1/object/public/pdfs/e54f2d61-1339-4202-b19a-e67c339330b0.pdf,https://digitaldemocracy.calmatters.org/legislators/janet-nguyen-65
Janet Nguyen,2022,"BTNT Group, LLC dba Nguyen & Associates",Other,"$1,001 - $10,000","12866 Main St., #105 Garden Grove, CA 92840","$10,001 - $100,000",Business entity,,,,,https://wcfweenxfcmsichcbyki.supabase.in/storage/v1/object/public/pdfs/49a2cfd6-68fa-452e-a018-1819b42b1137.pdf,https://digitaldemocracy.calmatters.org/legislators/janet-nguyen-65
Roger Niello,2024,Benicia Professional Office Building,Partnership,"$1,001 - $10,000","555 First St., #101, Benicia, CA, 94510","$10,001 - $100,000",Business entity,5556 First Street,"$10,001 - $100,000",Property,Partnership,https://wcfweenxfcmsichcbyki.supabase.in/storage/v1/object/public/pdfs/d417069f-fee2-499a-a300-c067666cc701.pdf,https://digitaldemocracy.calmatters.org/legislators/roger-niello-165442
Roger Niello,2024,Full Circle,Other,"$10,001 - $100,000",1481 River Park Drive,"$100,001 - $1,000,000",Business entity,,,,,https://wcfweenxfcmsichcbyki.supabase.in/storage/v1/object/public/pdfs/d417069f-fee2-499a-a300-c067666cc701.pdf,https://digitaldemocracy.calmatters.org/legislators/roger-niello-165442
Roger Niello,2024,Fulton Ventures,Partnership,"$10,001 - $100,000","1481 River Park Drive, Sacramento, CA, 95815","Over $1,000,000",Business entity,2020 Fulton Avenue,"Over $1,000,000",Property,Property Ownership/Deed of trust,https://wcfweenxfcmsichcbyki.supabase.in/storage/v1/object/public/pdfs/d417069f-fee2-499a-a300-c067666cc701.pdf,https://digitaldemocracy.calmatters.org/legislators/roger-niello-165442
Roger Niello,2024,"Niello Investments I, LP",Partnership,"Over $100,000","1481 River Park Drive, Sacramento, CA, 95815","Over $1,000,000",Business entity,4609 & 4545 Madison Ave.,"Over $1,000,000",Property,Property Ownership/Deed of trust,https://wcfweenxfcmsichcbyki.supabase.in/storage/v1/object/public/pdfs/d417069f-fee2-499a-a300-c067666cc701.pdf,https://digitaldemocracy.calmatters.org/legislators/roger-niello-165442
Roger Niello,2024,"Niello Investments I, LP",Partnership,"Over $100,000","1481 River Park Drive, Sacramento, CA, 95815","Over $1,000,000",Business entity,"4525, 4545 & 4595 Granite Drive","Over $1,000,000",Property,Property Ownership/Deed of trust,https://wcfweenxfcmsichcbyki.supabase.in/storage/v1/object/public/pdfs/d417069f-fee2-499a-a300-c067666cc701.pdf,https://digitaldemocracy.calmatters.org/legislators/roger-niello-165442
Roger Niello,2024,"Niello Investments I, LP",Partnership,"Over $100,000","1481 River Park Drive, Sacramento, CA, 95815","Over $1,000,000",Business entity,2200 Auburn Blvd.,"Over $1,000,000",Property,Property Ownership/Deed of trust,https://wcfweenxfcmsichcbyki.supabase.in/storage/v1/object/public/pdfs/d417069f-fee2-499a-a300-c067666cc701.pdf,https://digitaldemocracy.calmatters.org/legislators/roger-niello-165442
Roger Niello,2024,"Niello Investments II, LP",Partnership,"Over $100,000","1481 River Park Drive, Sacramento, CA, 95815","Over $1,000,000",Business entity,1484 &1990 Fulton Ave.,"$100,001 - $1,000,000",Property,Property Ownership/Deed of trust,https://wcfweenxfcmsichcbyki.supabase.in/storage/v1/object/public/pdfs/d417069f-fee2-499a-a300-c067666cc701.pdf,https://digitaldemocracy.calmatters.org/legislators/roger-niello-165442
Roger Niello,2024,"Niello Investments II, LP",Partnership,"Over $100,000","1481 River Park Drive, Sacramento, CA, 95815","Over $1,000,000",Business entity,2350 Auburn Blvd.,,Property,Property Ownership/Deed of trust,https://wcfweenxfcmsichcbyki.supabase.in/storage/v1/object/public/pdfs/d417069f-fee2-499a-a300-c067666cc701.pdf,https://digitaldemocracy.calmatters.org/legislators/roger-niello-165442
Roger Niello,2024,"Niello Investments II, LP",Partnership,"Over $100,000","1481 River Park Drive, Sacramento, CA, 95815","Over $1,000,000",Business entity,1201 Blumenfeld Drive,"Over $1,000,000",Property,Property Ownership/Deed of trust,https://wcfweenxfcmsichcbyki.supabase.in/storage/v1/object/public/pdfs/d417069f-fee2-499a-a300-c067666cc701.pdf,https://digitaldemocracy.calmatters.org/legislators/roger-niello-165442
Roger Niello,2024,"Niello Investments II, LP",Partnership,"Over $100,000","1481 River Park Drive, Sacramento, CA, 95815","Over $1,000,000",Business entity,8580 Laguna Grove Drive,"Over $1,000,000",Property,Property Ownership/Deed of trust,https://wcfweenxfcmsichcbyki.supabase.in/storage/v1/object/public/pdfs/d417069f-fee2-499a-a300-c067666cc701.pdf,https://digitaldemocracy.calmatters.org/legislators/roger-niello-165442
Roger Niello,2024,"R.L. Niello Co., Inc.",Other,"Over $100,000","2701 Arden Way, Sacramento, CA, 95825","Over $1,000,000",Business entity,2701 & 2625 Arden Way,"Over $1,000,000",Property,Property Ownership/Deed of trust,https://wcfweenxfcmsichcbyki.supabase.in/storage/v1/object/public/pdfs/d417069f-fee2-499a-a300-c067666cc701.pdf,https://digitaldemocracy.calmatters.org/legislators/roger-niello-165442
Roger Niello,2024,Roger Niello Reinsurance Ltd.,Other,"$10,001 - $100,000","1481 River Park Drive, Sacramento, CA, 95815","Over $1,000,000",Business entity,,,,,https://wcfweenxfcmsichcbyki.supabase.in/storage/v1/object/public/pdfs/d417069f-fee2-499a-a300-c067666cc701.pdf,https://digitaldemocracy.calmatters.org/legislators/roger-niello-165442
Roger Niello,2024,Roger W. Niello GST Trust,,"$10,001 - $100,000","1481 River Park Drive, Sacramento, CA, 95815",,Trust,1481 River Park Drive,"Over $1,000,000",Property,Property Ownership/Deed of trust,https://wcfweenxfcmsichcbyki.supabase.in/storage/v1/object/public/pdfs/d417069f-fee2-499a-a300-c067666cc701.pdf,https://digitaldemocracy.calmatters.org/legislators/roger-niello-165442
Roger Niello,2024,"RRD, LP",Partnership,"Over $100,000","1481 River Park Drive, Sacramento, CA, 95815","Over $1,000,000",Business entity,2131 Northrup Avenue,"$100,001 - $1,000,000",Property,Property Ownership/Deed of trust,https://wcfweenxfcmsichcbyki.supabase.in/storage/v1/object/public/pdfs/d417069f-fee2-499a-a300-c067666cc701.pdf,https://digitaldemocracy.calmatters.org/legislators/roger-niello-165442
Roger Niello,2024,"RRD, LP",Partnership,"Over $100,000","1481 River Park Drive, Sacramento, CA, 95815","Over $1,000,000",Business entity,2551 Trade Wind Avenue,"$100,001 - $1,000,000",Property,Property Ownership/Deed of trust,https://wcfweenxfcmsichcbyki.supabase.in/storage/v1/object/public/pdfs/d417069f-fee2-499a-a300-c067666cc701.pdf,https://digitaldemocracy.calmatters.org/legislators/roger-niello-165442
Roger Niello,2024,"RRD, LP",Partnership,"Over $100,000","1481 River Park Drive, Sacramento, CA, 95815","Over $1,000,000",Business entity,3222 Auburn Blvd.,"Over $1,000,000",Property,Property Ownership/Deed of trust,https://wcfweenxfcmsichcbyki.supabase.in/storage/v1/object/public/pdfs/d417069f-fee2-499a-a300-c067666cc701.pdf,https://digitaldemocracy.calmatters.org/legislators/roger-niello-165442
Roger Niello,2024,"RRD, LP",Partnership,"Over $100,000","1481 River Park Drive, Sacramento, CA, 95815","Over $1,000,000",Business entity,150 Automall Drive,"Over $1,000,000",Property,Property Ownership/Deed of trust,https://wcfweenxfcmsichcbyki.supabase.in/storage/v1/object/public/pdfs/d417069f-fee2-499a-a300-c067666cc701.pdf,https://digitaldemocracy.calmatters.org/legislators/roger-niello-165442
Roger Niello,2024,"RRD, LP",Partnership,"Over $100,000","1481 River Park Drive, Sacramento, CA, 95815","Over $1,000,000",Business entity,2535 Arden Way,"Over $1,000,000",Property,Property Ownership/Deed of trust,https://wcfweenxfcmsichcbyki.supabase.in/storage/v1/object/public/pdfs/d417069f-fee2-499a-a300-c067666cc701.pdf,https://digitaldemocracy.calmatters.org/legislators/roger-niello-165442
Roger Niello,2024,The Niello Company,Other,"Over $100,000","1481 River Park Drive, Sacramento, CA, 95815","Over $1,000,000",Business entity,Niello Performance Motors II,"Over $1,000,000",Investment,Stock,https://wcfweenxfcmsichcbyki.supabase.in/storage/v1/object/public/pdfs/d417069f-fee2-499a-a300-c067666cc701.pdf,https://digitaldemocracy.calmatters.org/legislators/roger-niello-165442
Roger Niello,2024,The Niello Company,Other,"Over $100,000",Same,"Over $1,000,000",Business entity,Niello Motor Car Company,"Over $1,000,000",Investment,Stock,https://wcfweenxfcmsichcbyki.supabase.in/storage/v1/object/public/pdfs/d417069f-fee2-499a-a300-c067666cc701.pdf,https://digitaldemocracy.calmatters.org/legislators/roger-niello-165442
Roger Niello,2024,The Niello Company,Other,"Over $100,000",Same,"Over $1,000,000",Business entity,Niello Imports of Rocklin,"Over $1,000,000",Investment,Stock,https://wcfweenxfcmsichcbyki.supabase.in/storage/v1/object/public/pdfs/d417069f-fee2-499a-a300-c067666cc701.pdf,https://digitaldemocracy.calmatters.org/legislators/roger-niello-165442
Roger Niello,2024,The Niello Company,Other,"Over $100,000",Same,"Over $1,000,000",Business entity,"Niello Imports II, Inc.","Over $1,000,000",Investment,Stock,https://wcfweenxfcmsichcbyki.supabase.in/storage/v1/object/public/pdfs/d417069f-fee2-499a-a300-c067666cc701.pdf,https://digitaldemocracy.calmatters.org/legislators/roger-niello-165442
Roger Niello,2024,The Niello Company,Other,,Same,"Over $1,000,000",Business entity,"R.L. Niello Co., Inc.","Over $1,000,000",Investment,Stock,https://wcfweenxfcmsichcbyki.supabase.in/storage/v1/object/public/pdfs/d417069f-fee2-499a-a300-c067666cc701.pdf,https://digitaldemocracy.calmatters.org/legislators/roger-niello-165442
Roger Niello,2024,The Niello Company,Other,"Over $100,000",Same,"Over $1,000,000",Business entity,Niello Performance Motors,"Over $1,000,000",Investment,Stock,https://wcfweenxfcmsichcbyki.supabase.in/storage/v1/object/public/pdfs/d417069f-fee2-499a-a300-c067666cc701.pdf,https://digitaldemocracy.calmatters.org/legislators/roger-niello-165442
Roger Niello,2024,The Niello Company,Other,"Over $100,000","1481 River Park Drive, Sacramento, CA, 95815","Over $1,000,000",Business entity,"Niello Bavarian Automobiles, Inc.","Over $1,000,000",Investment,Stock,https://wcfweenxfcmsichcbyki.supabase.in/storage/v1/object/public/pdfs/d417069f-fee2-499a-a300-c067666cc701.pdf,https://digitaldemocracy.calmatters.org/legislators/roger-niello-165442
Roger Niello,2023,Full Circle,Other,"$10,001 - $100,000",1481 River Park Drive,"$100,001 - $1,000,000",Business entity,,,,,https://wcfweenxfcmsichcbyki.supabase.in/storage/v1/object/public/pdfs/0bfec8b8-61e1-47fa-bf2a-dede274b498b.pdf,https://digitaldemocracy.calmatters.org/legislators/roger-niello-165442
Roger Niello,2023,"Niello Investments I, LP",Partnership,"Over $100,000","1481 River Park Drive, Sacramento, CA, 95815","Over $1,000,000",Business entity,4609 &4545 Madison Ave.,"Over $1,000,000",Property,Property Ownership/Deed of trust,https://wcfweenxfcmsichcbyki.supabase.in/storage/v1/object/public/pdfs/0bfec8b8-61e1-47fa-bf2a-dede274b498b.pdf,https://digitaldemocracy.calmatters.org/legislators/roger-niello-165442
Roger Niello,2023,"Niello Investments I, LP",Partnership,"Over $100,000","1481 River Park Drive, Sacramento, CA, 95815","Over $1,000,000",Business entity,"4525, 4545 &4595 Granite Drive","Over $1,000,000",Property,Property Ownership/Deed of trust,https://wcfweenxfcmsichcbyki.supabase.in/storage/v1/object/public/pdfs/0bfec8b8-61e1-47fa-bf2a-dede274b498b.pdf,https://digitaldemocracy.calmatters.org/legislators/roger-niello-165442
Roger Niello,2023,"Niello Investments I, LP",Partnership,"Over $100,000","1481 River Park Drive, Sacramento, CA, 95815","Over $1,000,000",Business entity,2200 Auburn Blvd.,"Over $1,000,000",Property,Property Ownership/Deed of trust,https://wcfweenxfcmsichcbyki.supabase.in/storage/v1/object/public/pdfs/0bfec8b8-61e1-47fa-bf2a-dede274b498b.pdf,https://digitaldemocracy.calmatters.org/legislators/roger-niello-165442
Roger Niello,2023,"Niello Investments II, LP",Partnership,"Over $100,000","1481 River Park Drive, Sacramento, CA, 95815","Over $1,000,000",Business entity,1484 &1990 Fulton Ave.,"$100,001 - $1,000,000",Property,Property Ownership/Deed of trust,https://wcfweenxfcmsichcbyki.supabase.in/storage/v1/object/public/pdfs/0bfec8b8-61e1-47fa-bf2a-dede274b498b.pdf,https://digitaldemocracy.calmatters.org/legislators/roger-niello-165442
Roger Niello,2023,"Niello Investments II, LP",Partnership,"Over $100,000","1481 River Park Drive, Sacramento, CA, 95815","Over $1,000,000",Business entity,2350 Auburn Blvd.,"Over $1,000,000",Property,Property Ownership/Deed of trust,https://wcfweenxfcmsichcbyki.supabase.in/storage/v1/object/public/pdfs/0bfec8b8-61e1-47fa-bf2a-dede274b498b.pdf,https://digitaldemocracy.calmatters.org/legislators/roger-niello-165442
Roger Niello,2023,"Niello Investments II, LP",Partnership,"Over $100,000","1481 River Park Drive, Sacramento, CA, 95815","Over $1,000,000",Business entity,1201 Blumenfeld Drive,"Over $1,000,000",Property,Property Ownership/Deed of trust,https://wcfweenxfcmsichcbyki.supabase.in/storage/v1/object/public/pdfs/0bfec8b8-61e1-47fa-bf2a-dede274b498b.pdf,https://digitaldemocracy.calmatters.org/legislators/roger-niello-165442
Roger Niello,2023,"Niello Investments II, LP",Partnership,"Over $100,000","1481 River Park Drive, Sacramento, CA, 95815","Over $1,000,000",Business entity,8580 Laguna Grove Drive,"Over $1,000,000",Property,Property Ownership/Deed of trust,https://wcfweenxfcmsichcbyki.supabase.in/storage/v1/object/public/pdfs/0bfec8b8-61e1-47fa-bf2a-dede274b498b.pdf,https://digitaldemocracy.calmatters.org/legislators/roger-niello-165442
Roger Niello,2023,"R.L. Niello Co., Inc",Other,"Over $100,000","2701 Arden Way, Sacramento, CA, 95825","Over $1,000,000",Business entity,2701 &2625 Arden Way,"Over $1,000,000",Property,Property Ownership/Deed of trust,https://wcfweenxfcmsichcbyki.supabase.in/storage/v1/object/public/pdfs/0bfec8b8-61e1-47fa-bf2a-dede274b498b.pdf,https://digitaldemocracy.calmatters.org/legislators/roger-niello-165442
Roger Niello,2023,Roger Niello Reinsurance Ltd.,Other,"$10,001 - $100,000","1481 River Park Drive, Sacramento, CA, 95815","Over $1,000,000",Business entity,,,--,,https://wcfweenxfcmsichcbyki.supabase.in/storage/v1/object/public/pdfs/0bfec8b8-61e1-47fa-bf2a-dede274b498b.pdf,https://digitaldemocracy.calmatters.org/legislators/roger-niello-165442
Roger Niello,2023,"RRD, LP",Partnership,"Over $100,000","481 River Park Drive, Sacramento, CA, 95815","Over $1,000,000",Business entity,150 Automall Drive,"Over $1,000,000",Property,Property Ownership/Deed of trust,https://wcfweenxfcmsichcbyki.supabase.in/storage/v1/object/public/pdfs/0bfec8b8-61e1-47fa-bf2a-dede274b498b.pdf,https://digitaldemocracy.calmatters.org/legislators/roger-niello-165442
Roger Niello,2023,"RRD, LP",Partnership,"Over $100,000","1481 River Park Drive, Sacramento, CA, 95815","Over $1,000,000",Business entity,2551 Trade Wind Avenue,"$100,001 - $1,000,000",Property,Property Ownership/Deed of trust,https://wcfweenxfcmsichcbyki.supabase.in/storage/v1/object/public/pdfs/0bfec8b8-61e1-47fa-bf2a-dede274b498b.pdf,https://digitaldemocracy.calmatters.org/legislators/roger-niello-165442
Roger Niello,2023,"RRD, LP",Partnership,"Over $100,000","1481 River Park Drive, Sacramento, CA, 95815","Over $1,000,000",Business entity,2131 Northrup Avenue,"$100,001 - $1,000,000",Property,Property Ownership/Deed of trust,https://wcfweenxfcmsichcbyki.supabase.in/storage/v1/object/public/pdfs/0bfec8b8-61e1-47fa-bf2a-dede274b498b.pdf,https://digitaldemocracy.calmatters.org/legislators/roger-niello-165442
Roger Niello,2023,"RRD, LP",Partnership,"Over $100,000","1481 River Park Drive, Sacramento, CA, 95815","Over $1,000,000",Business entity,3222 Auburn Blvd.,"Over $1,000,000",Property,Property Ownership/Deed of trust,https://wcfweenxfcmsichcbyki.supabase.in/storage/v1/object/public/pdfs/0bfec8b8-61e1-47fa-bf2a-dede274b498b.pdf,https://digitaldemocracy.calmatters.org/legislators/roger-niello-165442
Roger Niello,2023,"RRD, LP",Partnership,"Over $100,000","1481 River Park Drive, Sacramento, CA, 95815","Over $1,000,000",Business entity,2535 Arden Way,"Over $1,000,000",Property,Property Ownership/Deed of trust,https://wcfweenxfcmsichcbyki.supabase.in/storage/v1/object/public/pdfs/0bfec8b8-61e1-47fa-bf2a-dede274b498b.pdf,https://digitaldemocracy.calmatters.org/legislators/roger-niello-165442
Roger Niello,2023,The Niello Company,Other,"Over $100,000",Same,"Over $1,000,000",Business entity,Niello Imports of Rocklin,"Over $1,000,000",Investment,Stock,https://wcfweenxfcmsichcbyki.supabase.in/storage/v1/object/public/pdfs/0bfec8b8-61e1-47fa-bf2a-dede274b498b.pdf,https://digitaldemocracy.calmatters.org/legislators/roger-niello-165442
Roger Niello,2023,The Niello Company,Other,"Over $100,000",Same,"Over $1,000,000",Business entity,"Niello Imports II, Inc.","Over $1,000,000",Investment,Stock,https://wcfweenxfcmsichcbyki.supabase.in/storage/v1/object/public/pdfs/0bfec8b8-61e1-47fa-bf2a-dede274b498b.pdf,https://digitaldemocracy.calmatters.org/legislators/roger-niello-165442
Roger Niello,2023,The Niello Company,Other,"Over $100,000",Same,"Over $1,000,000",Business entity,"R.L. Niello Co., Inc.","Over $1,000,000",Investment,Stock,https://wcfweenxfcmsichcbyki.supabase.in/storage/v1/object/public/pdfs/0bfec8b8-61e1-47fa-bf2a-dede274b498b.pdf,https://digitaldemocracy.calmatters.org/legislators/roger-niello-165442
Roger Niello,2023,The Niello Company,Other,"Over $100,000",Same,"Over $1,000,000",Business entity,Niello Performance Motors,"Over $1,000,000",Investment,Stock,https://wcfweenxfcmsichcbyki.supabase.in/storage/v1/object/public/pdfs/0bfec8b8-61e1-47fa-bf2a-dede274b498b.pdf,https://digitaldemocracy.calmatters.org/legislators/roger-niello-165442
Roger Niello,2023,The Niello Company,Other,"Over $100,000",Same,"Over $1,000,000",Business entity,Niello Motor Car Company,"Over $1,000,000",Investment,Stock,https://wcfweenxfcmsichcbyki.supabase.in/storage/v1/object/public/pdfs/0bfec8b8-61e1-47fa-bf2a-dede274b498b.pdf,https://digitaldemocracy.calmatters.org/legislators/roger-niello-165442
Roger Niello,2023,The Niello Company,Other,"Over $100,000","1481 River Park Drive, Sacramento, CA, 95815","Over $1,000,000",Business entity,"Niello Bavarian Automobiles, Inc.","Over $1,000,000",Investment,Stock,https://wcfweenxfcmsichcbyki.supabase.in/storage/v1/object/public/pdfs/0bfec8b8-61e1-47fa-bf2a-dede274b498b.pdf,https://digitaldemocracy.calmatters.org/legislators/roger-niello-165442
Roger Niello,2022,The Niello Company,Other,"Over $100,000","1481 River Park Drive, Sacramento, CA, 95815","Over $1,000,000",Business entity,"Niello Bavarian Automobiles, Inc.","Over $1,000,000",Investment,Stock,https://wcfweenxfcmsichcbyki.supabase.in/storage/v1/object/public/pdfs/58c54d9b-1f38-4479-b1b4-787462c9d8dc.pdf,https://digitaldemocracy.calmatters.org/legislators/roger-niello-165442
Roger Niello,2022,The Niello Company,Other,"Over $100,000",Same,"Over $1,000,000",Business entity,"Niello Imports II, Inc.","Over $1,000,000",Investment,Stock,https://wcfweenxfcmsichcbyki.supabase.in/storage/v1/object/public/pdfs/58c54d9b-1f38-4479-b1b4-787462c9d8dc.pdf,https://digitaldemocracy.calmatters.org/legislators/roger-niello-165442
Roger Niello,2022,The Niello Company,Other,"Over $100,000",Same,"Over $1,000,000",Business entity,"R.L. Niello Co., Inc.","Over $1,000,000",Investment,Stock,https://wcfweenxfcmsichcbyki.supabase.in/storage/v1/object/public/pdfs/58c54d9b-1f38-4479-b1b4-787462c9d8dc.pdf,https://digitaldemocracy.calmatters.org/legislators/roger-niello-165442
Roger Niello,2022,The Niello Company,Other,"Over $100,000",Same,"Over $1,000,000",Business entity,Niello Motor Car Company,"Over $1,000,000",Investment,Stock,https://wcfweenxfcmsichcbyki.supabase.in/storage/v1/object/public/pdfs/58c54d9b-1f38-4479-b1b4-787462c9d8dc.pdf,https://digitaldemocracy.calmatters.org/legislators/roger-niello-165442
Roger Niello,2022,The Niello Company,Other,"Over $100,000",Same,"Over $1,000,000",Business entity,Niello Imports of Rocklin,"Over $1,000,000",Investment,Stock,https://wcfweenxfcmsichcbyki.supabase.in/storage/v1/object/public/pdfs/58c54d9b-1f38-4479-b1b4-787462c9d8dc.pdf,https://digitaldemocracy.calmatters.org/legislators/roger-niello-165442
Roger Niello,2022,The Niello Company,Other,"Over $100,000",Same,"Over $1,000,000",Business entity,Niello Performance Motors,"Over $1,000,000",Investment,Stock,https://wcfweenxfcmsichcbyki.supabase.in/storage/v1/object/public/pdfs/58c54d9b-1f38-4479-b1b4-787462c9d8dc.pdf,https://digitaldemocracy.calmatters.org/legislators/roger-niello-165442
Roger Niello,2022,Roger Niello Reinsurance Ltd.,Other,"$10,001 - $100,000","1481 River Park Drive, Sacramento, CA, 95815","Over $1,000,000",Business entity,,,,,https://wcfweenxfcmsichcbyki.supabase.in/storage/v1/object/public/pdfs/58c54d9b-1f38-4479-b1b4-787462c9d8dc.pdf,https://digitaldemocracy.calmatters.org/legislators/roger-niello-165442
Roger Niello,2022,Full Circle,Other,"$10,001 - $100,000",1481 River Park Drive,"$100,001 - $1,000,000",Business entity,,,,,https://wcfweenxfcmsichcbyki.supabase.in/storage/v1/object/public/pdfs/58c54d9b-1f38-4479-b1b4-787462c9d8dc.pdf,https://digitaldemocracy.calmatters.org/legislators/roger-niello-165442
Roger Niello,2022,"R.L. Niello Co., Inc.",Other,"Over $100,000","2701 Arden Way, Sacramento, CA, 95825","Over $1,000,000",Business entity,2701 & 2625 Arden Way ,"Over $1,000,000",Property,Property Ownership/Deed of trust,https://wcfweenxfcmsichcbyki.supabase.in/storage/v1/object/public/pdfs/58c54d9b-1f38-4479-b1b4-787462c9d8dc.pdf,https://digitaldemocracy.calmatters.org/legislators/roger-niello-165442
Roger Niello,2022,"Niello Investments I, LP",Partnership,"Over $100,000","1481 River Park Drive, Sacramento, CA, 95815","Over $1,000,000",Business entity,4609 & 4545 Madison Ave. ,"Over $1,000,000",Property,Property Ownership/Deed of trust,https://wcfweenxfcmsichcbyki.supabase.in/storage/v1/object/public/pdfs/58c54d9b-1f38-4479-b1b4-787462c9d8dc.pdf,https://digitaldemocracy.calmatters.org/legislators/roger-niello-165442
Roger Niello,2022,"Niello Investments I, LP ",Partnership,"Over $100,000","1481 River Park Drive, Sacramento, CA, 95815 ","Over $1,000,000",Business entity,"4525, 4545 & 4595 Granite Drive","Over $1,000,000",Property,Property Ownership/Deed of trust,https://wcfweenxfcmsichcbyki.supabase.in/storage/v1/object/public/pdfs/58c54d9b-1f38-4479-b1b4-787462c9d8dc.pdf,https://digitaldemocracy.calmatters.org/legislators/roger-niello-165442
Roger Niello,2022,"Niello Investments II, LP",Partnership,"Over $100,000","1481 River Park Drive, Sacramento, CA, 95815","Over $1,000,000",Business entity,2350 Auburn Blvd.,"Over $1,000,000",Property,Property Ownership/Deed of trust,https://wcfweenxfcmsichcbyki.supabase.in/storage/v1/object/public/pdfs/58c54d9b-1f38-4479-b1b4-787462c9d8dc.pdf,https://digitaldemocracy.calmatters.org/legislators/roger-niello-165442
Roger Niello,2022,"Niello Investments II, LP",Partnership,"Over $100,000","1481 River Park Drive, Sacramento, CA, 95815","Over $1,000,000",Business entity,1201 Blumenfeld Drive,"Over $1,000,000",Property,Property Ownership/Deed of trust,https://wcfweenxfcmsichcbyki.supabase.in/storage/v1/object/public/pdfs/58c54d9b-1f38-4479-b1b4-787462c9d8dc.pdf,https://digitaldemocracy.calmatters.org/legislators/roger-niello-165442
Roger Niello,2022,"Niello Investments II, LP",Partnership,"Over $100,000","1481 River Park Drive, Sacramento, CA, 95815","Over $1,000,000",Business entity,8580 Laguna Grove Drive,"Over $1,000,000",Property,Property Ownership/Deed of trust,https://wcfweenxfcmsichcbyki.supabase.in/storage/v1/object/public/pdfs/58c54d9b-1f38-4479-b1b4-787462c9d8dc.pdf,https://digitaldemocracy.calmatters.org/legislators/roger-niello-165442
Roger Niello,2022,"RRD, LP",Partnership,"Over $100,000","1481 River Park Drive, Sacramento, CA, 95815","Over $1,000,000",Business entity,2535 Arden Way,"Over $1,000,000",Property,Property Ownership/Deed of trust,https://wcfweenxfcmsichcbyki.supabase.in/storage/v1/object/public/pdfs/58c54d9b-1f38-4479-b1b4-787462c9d8dc.pdf,https://digitaldemocracy.calmatters.org/legislators/roger-niello-165442
Roger Niello,2022,"RRD, LP ",Partnership,"Over $100,000","1481 River Park Drive, Sacramento, CA, 95815","Over $1,000,000",Business entity,2551 Trade Wind Avenue,"$100,001 - $1,000,000",Property,Property Ownership/Deed of trust,https://wcfweenxfcmsichcbyki.supabase.in/storage/v1/object/public/pdfs/58c54d9b-1f38-4479-b1b4-787462c9d8dc.pdf,https://digitaldemocracy.calmatters.org/legislators/roger-niello-165442
Roger Niello,2022,"RRD, LP",Partnership,"Over $100,000","1481 River Park Drive, Sacramento, CA, 95815 ","Over $1,000,000",Business entity,150 Automall Drive,"Over $1,000,000",Property,Property Ownership/Deed of trust,https://wcfweenxfcmsichcbyki.supabase.in/storage/v1/object/public/pdfs/58c54d9b-1f38-4479-b1b4-787462c9d8dc.pdf,https://digitaldemocracy.calmatters.org/legislators/roger-niello-165442
Roger Niello,2022,"RRD, LP",Partnership,"Over $100,000","1481 River Park Drive, Sacramento, CA, 95815","Over $1,000,000",Business entity,3222 Auburn Blvd.,"Over $1,000,000",Property,Property Ownership/Deed of trust,https://wcfweenxfcmsichcbyki.supabase.in/storage/v1/object/public/pdfs/58c54d9b-1f38-4479-b1b4-787462c9d8dc.pdf,https://digitaldemocracy.calmatters.org/legislators/roger-niello-165442
Blanca Pacheco,2024,Law Offices of Blanca Pacheco,Sole Proprietorship,,"3223 E Broadway, Long Beach, CA 90803-5817","$2,000 - $10,000",Business entity,,,,,https://wcfweenxfcmsichcbyki.supabase.in/storage/v1/object/public/pdfs/ed958216-152e-4e5c-a3d8-c163f358bce1.pdf,https://digitaldemocracy.calmatters.org/legislators/blanca-pacheco-165430
Blanca Pacheco,2023,Law Offices of Blanca Pacheco,Sole Proprietorship,"$10,001 - $100,000","8207 3rd Street, Suite 203, Downey, CA 90241","$10,001 - $100,000",Business entity,"8207 3rd Street, Suite 203 ","$10,001 - $100,000",Property,Leasehold,https://wcfweenxfcmsichcbyki.supabase.in/storage/v1/object/public/pdfs/b9977d10-47ce-49d2-9801-2a779747906f.pdf,https://digitaldemocracy.calmatters.org/legislators/blanca-pacheco-165430
Blanca Pacheco,2022,Law Office of Bianca Pacheco,Sole Proprietorship,"$10,001 - $100,000","8207 3rd Street, Suite 203, Downey, CA 90241","$10,001 - $100,000",Business entity,"8207 3rd Street, Suite 203, Downey, CA 90241","$10,001 - $100,000",Investment,Leasehold,https://wcfweenxfcmsichcbyki.supabase.in/storage/v1/object/public/pdfs/69d99aab-08de-44d9-8bf2-77e5415a8747.pdf,https://digitaldemocracy.calmatters.org/legislators/blanca-pacheco-165430
Richard Pan,2021,"Wen-Li Wang DDS, Inc",Sole Proprietorship,"Over $100,000","1778 Itasca Ave., Sacramento, CA 95835","$100,001 - $1,000,000",Business entity,,,,,https://wcfweenxfcmsichcbyki.supabase.in/storage/v1/object/public/pdfs/ab885a81-6192-43da-a7e4-edbf976d5965.pdf,https://digitaldemocracy.calmatters.org/legislators/richard-pan
Richard Pan,2021,"Wang Pan California Properties, LLC",Partnership,"Over $100,000","1778 Itasca Ave., Sacramento, CA 95835","Over $1,000,000",Business entity,"4136 E. Commerce Way, Sacramento, CA 95834","Over $1,000,000",Property,Property Ownership/Deed of trust,https://wcfweenxfcmsichcbyki.supabase.in/storage/v1/object/public/pdfs/ab885a81-6192-43da-a7e4-edbf976d5965.pdf,https://digitaldemocracy.calmatters.org/legislators/richard-pan
Diane Papan,2024,DANIEL LATINI,Sole Proprietorship,"Over $100,000","525 UNIVERSITY AVE., SUITE 220, PALO ALTO 9430","$0 - $1,999",Business entity,,,,,https://wcfweenxfcmsichcbyki.supabase.in/storage/v1/object/public/pdfs/5e4f72ab-eed6-412d-ad7b-d57dca33d76e.pdf,https://digitaldemocracy.calmatters.org/legislators/diane-papan-165423
Diane Papan,2024,DANIEL LATINI,Sole Proprietorship,"Over $100,000","260 CALIFORNIA ST., 9TH FLOOR, SAN FRANCISCO, CA 941","$0 - $1,999",Business entity,,,,,https://wcfweenxfcmsichcbyki.supabase.in/storage/v1/object/public/pdfs/5e4f72ab-eed6-412d-ad7b-d57dca33d76e.pdf,https://digitaldemocracy.calmatters.org/legislators/diane-papan-165423
Diane Papan,2024,Latini/Papan trust,Sole Proprietorship,$0 - $499,"233 Eaton Road, San Mateo, CA 94402","$100,001 - $1,000,000",Business entity,Latini/Papan trust,"$100,001 - $1,000,000",Property,Property Ownership/Deed of trust,https://wcfweenxfcmsichcbyki.supabase.in/storage/v1/object/public/pdfs/5e4f72ab-eed6-412d-ad7b-d57dca33d76e.pdf,https://digitaldemocracy.calmatters.org/legislators/diane-papan-165423
Diane Papan,2024,LATINI/PAPAN TRUST,,,"233 Eaton Road, San Mateo, CA 94402",,Trust,Property,"$100,001 - $1,000,000",Property,Property Ownership/Deed of trust,https://wcfweenxfcmsichcbyki.supabase.in/storage/v1/object/public/pdfs/5e4f72ab-eed6-412d-ad7b-d57dca33d76e.pdf,https://digitaldemocracy.calmatters.org/legislators/diane-papan-165423
Diane Papan,2024,LATINI/PAPAN TRUST,,$0 - $499,"233 Eaton Road, San Mateo, CA 94402",,Trust,Property,"Over $1,000,000",Property,Property Ownership/Deed of trust,https://wcfweenxfcmsichcbyki.supabase.in/storage/v1/object/public/pdfs/5e4f72ab-eed6-412d-ad7b-d57dca33d76e.pdf,https://digitaldemocracy.calmatters.org/legislators/diane-papan-165423
Diane Papan,2024,LATINI/PAPAN TRUST,,"$10,001 - $100,000","233 EATON ROAD, SAN MATEO, CA 94402",,Trust,Property,"$100,001 - $1,000,000",Property,Property Ownership/Deed of trust,https://wcfweenxfcmsichcbyki.supabase.in/storage/v1/object/public/pdfs/5e4f72ab-eed6-412d-ad7b-d57dca33d76e.pdf,https://digitaldemocracy.calmatters.org/legislators/diane-papan-165423
Diane Papan,2024,LATINI/PAPAN TRUST,,"Over $100,000","233 EATON ROAD, SAN MATEO, CA 94402",,Trust,Property,"$100,001 - $1,000,000",Property,Property Ownership/Deed of trust,https://wcfweenxfcmsichcbyki.supabase.in/storage/v1/object/public/pdfs/5e4f72ab-eed6-412d-ad7b-d57dca33d76e.pdf,https://digitaldemocracy.calmatters.org/legislators/diane-papan-165423
Diane Papan,2024,Law Office of Diane Papan,Sole Proprietorship,$0 - $499,"440 Green Hills Drive, Millbrae, CA 94030","$10,001 - $100,000",Business entity,,,,,https://wcfweenxfcmsichcbyki.supabase.in/storage/v1/object/public/pdfs/5e4f72ab-eed6-412d-ad7b-d57dca33d76e.pdf,https://digitaldemocracy.calmatters.org/legislators/diane-papan-165423
Diane Papan,2023, TRUST Latini/Papan Trust ,,,"233 Eaton Road, San Mateo, CA 94402 ",,Trust,"233 Eaton Road, San Mateo, CA 94402","$100,001 - $1,000,000",Property,Property Ownership/Deed of trust,https://wcfweenxfcmsichcbyki.supabase.in/storage/v1/object/public/pdfs/0625805b-7f39-45bc-ac06-07fb05f58c26.pdf,https://digitaldemocracy.calmatters.org/legislators/diane-papan-165423
Diane Papan,2023,Law Office of Diane Papan ,,"$10,001 - $100,000","440 Green Hills Drive, Millbrae, CA 94030 ",,Trust,,--,--,,https://wcfweenxfcmsichcbyki.supabase.in/storage/v1/object/public/pdfs/0625805b-7f39-45bc-ac06-07fb05f58c26.pdf,https://digitaldemocracy.calmatters.org/legislators/diane-papan-165423
Diane Papan,2023,LATINI/PAPAN TRUST ,,"$10,001 - $100,000","233 Eaton Road, San Mateo, CA 94402",,Trust,"40 NORTHGATE COURT, DALY CITY, CA 94015 ","$100,001 - $1,000,000",Property,,https://wcfweenxfcmsichcbyki.supabase.in/storage/v1/object/public/pdfs/0625805b-7f39-45bc-ac06-07fb05f58c26.pdf,https://digitaldemocracy.calmatters.org/legislators/diane-papan-165423
Diane Papan,2023,LATINI/PAPAN TRUST ,,$0 - $499,"233 Eaton Road, San Mateo, CA 94402 ",,Trust,"440 GREEN HILLS D.R., MILLBRAE, CA 94030 ","$100,001 - $1,000,000",Property,Property Ownership/Deed of trust,https://wcfweenxfcmsichcbyki.supabase.in/storage/v1/object/public/pdfs/0625805b-7f39-45bc-ac06-07fb05f58c26.pdf,https://digitaldemocracy.calmatters.org/legislators/diane-papan-165423
Diane Papan,2023,Latini/Papan Trust,,"$10,001 - $100,000","233 Eaton Road, San Mateo, CA 94402 ",,Trust,"4 Crossley Ct., Sacramento, CA 95833 ","$100,001 - $1,000,000",Property,,https://wcfweenxfcmsichcbyki.supabase.in/storage/v1/object/public/pdfs/0625805b-7f39-45bc-ac06-07fb05f58c26.pdf,https://digitaldemocracy.calmatters.org/legislators/diane-papan-165423
Diane Papan,2023,Latini/Papan Trust ,,"$10,001 - $100,000","233 Eaton Road, San Mateo, CA 94402 ",,Trust,"73-710 El Paseo, Palm Desert, CA ","$100,001 - $1,000,000",Property,Property Ownership/Deed of trust,https://wcfweenxfcmsichcbyki.supabase.in/storage/v1/object/public/pdfs/0625805b-7f39-45bc-ac06-07fb05f58c26.pdf,https://digitaldemocracy.calmatters.org/legislators/diane-papan-165423
Diane Papan,2022,Latini/Papan Trust,,,"233 Eaton RD San Mateo, CA 94402",,Trust,233 Eaton Road,"$100,001 - $1,000,000",Property,Property Ownership/Deed of trust,https://wcfweenxfcmsichcbyki.supabase.in/storage/v1/object/public/pdfs/601cd2fa-b563-4090-9bbe-54c3a9b2787a.pdf,https://digitaldemocracy.calmatters.org/legislators/diane-papan-165423
Diane Papan,2022,Law Office of Diane Papan,Sole Proprietorship,$0 - $499,"440 Green Hills Dr., Millbrae CA 94030","$10,001 - $100,000",Business entity,,,,,https://wcfweenxfcmsichcbyki.supabase.in/storage/v1/object/public/pdfs/601cd2fa-b563-4090-9bbe-54c3a9b2787a.pdf,https://digitaldemocracy.calmatters.org/legislators/diane-papan-165423
Diane Papan,2022,Latini/Papan Trust,,"$10,001 - $100,000","233 Eaton Rd. San Mateo, CA 94402",,Trust,"40 Northgate Court Daly City, CA 94015","$100,001 - $1,000,000",Property,Property Ownership/Deed of trust,https://wcfweenxfcmsichcbyki.supabase.in/storage/v1/object/public/pdfs/601cd2fa-b563-4090-9bbe-54c3a9b2787a.pdf,https://digitaldemocracy.calmatters.org/legislators/diane-papan-165423
Diane Papan,2022,Latini/Papan Trust,,$0 - $499,"233 Eaton Rd. San Mateo, CA 94402",,Trust,"440 Green Hills Drive, Millbrae, CA 94030","$100,001 - $1,000,000",Property,,https://wcfweenxfcmsichcbyki.supabase.in/storage/v1/object/public/pdfs/601cd2fa-b563-4090-9bbe-54c3a9b2787a.pdf,https://digitaldemocracy.calmatters.org/legislators/diane-papan-165423
Diane Papan,2022,Latini/Papan Trust,,"$10,001 - $100,000","233 Eaton Rd. San Mateo, CA 94402",,Trust,"4 Crossley Court, Sacramento, CA","$100,001 - $1,000,000",Property,Property Ownership/Deed of trust,https://wcfweenxfcmsichcbyki.supabase.in/storage/v1/object/public/pdfs/601cd2fa-b563-4090-9bbe-54c3a9b2787a.pdf,https://digitaldemocracy.calmatters.org/legislators/diane-papan-165423
Diane Papan,2022,Latini/Papan Trust,,"$10,001 - $100,000","233 Eaton Rd. San Mateo, CA 94402",,Trust,"73-710 El Paseo, Palm Desert, CA","$100,001 - $1,000,000",Property,,https://wcfweenxfcmsichcbyki.supabase.in/storage/v1/object/public/pdfs/601cd2fa-b563-4090-9bbe-54c3a9b2787a.pdf,https://digitaldemocracy.calmatters.org/legislators/diane-papan-165423
Diane Papan,2022,Latini/Papan Trust,Other,"Over $100,000","525 University Ave., Palo Alto, CA 94301","$2,000 - $10,000",Business entity,,,Property,,https://wcfweenxfcmsichcbyki.supabase.in/storage/v1/object/public/pdfs/601cd2fa-b563-4090-9bbe-54c3a9b2787a.pdf,https://digitaldemocracy.calmatters.org/legislators/diane-papan-165423
Joe Patterson,2022,Colleen A and Joseph L Patterson Family Trust,,$0 - $499,"1849 Stageline Circle, Rocklin, CA 95765",,Trust,Family Trust,"Over $1,000,000",Property,Property Ownership/Deed of trust,https://wcfweenxfcmsichcbyki.supabase.in/storage/v1/object/public/pdfs/b2885dbc-e469-4c2a-8822-e630069a6fee.pdf,https://digitaldemocracy.calmatters.org/legislators/joe-patterson-133512
Joe Patterson,2022,"Joe Patterson, Broker Associate for Amen Real Estate",Other,$0 - $499,"3257 Folsom Blvd, Sacramento, CA 95816","$0 - $1,999",Business entity,,,,,https://wcfweenxfcmsichcbyki.supabase.in/storage/v1/object/public/pdfs/b2885dbc-e469-4c2a-8822-e630069a6fee.pdf,https://digitaldemocracy.calmatters.org/legislators/joe-patterson-133512
Joe Patterson,2022,PatterCo LLC (DBA Provident Strategies),Other,"Over $100,000","1849 Stageline Circle, Rocklin, CA 95765 ","$100,001 - $1,000,000",Business entity,,,,,https://wcfweenxfcmsichcbyki.supabase.in/storage/v1/object/public/pdfs/b2885dbc-e469-4c2a-8822-e630069a6fee.pdf,https://digitaldemocracy.calmatters.org/legislators/joe-patterson-133512
Anthony Portantino,2023,Ellen Portantino Organizing LLC,,--,"441 South Griffith Park Blvd. Burbank, CA 95691 ",,,,"$10,001 - $100,000",,Other,https://wcfweenxfcmsichcbyki.supabase.in/storage/v1/object/public/pdfs/080f6de3-a1cb-4297-8029-f182505c854c.pdf,https://digitaldemocracy.calmatters.org/legislators/anthony-portantino-34362
Anthony Portantino,2022,Ellen Portantino Organizing LLC ,Other,,"441 South Griffith Park Blvd. Burbank, CA 95691","$10,001 - $100,000",Business entity,,,,,https://wcfweenxfcmsichcbyki.supabase.in/storage/v1/object/public/pdfs/05f12a2f-1fe0-462a-a1d1-2051270c8eb8.pdf,https://digitaldemocracy.calmatters.org/legislators/anthony-portantino-34362
Sharon Quirk-Silva,2024,217 N. Richmond Ave LLC,Partnership,$0 - $499,"Jesus J. Silva, Patrick J. Quirk, Olivia A. Coscis","$100,001 - $1,000,000",Business entity,217 N. Richmond Avenue LLC,"$100,001 - $1,000,000",Property,Partnership,https://wcfweenxfcmsichcbyki.supabase.in/storage/v1/object/public/pdfs/0a18327f-7f0b-430a-b0cc-a8a1419ecc1e.pdf,https://digitaldemocracy.calmatters.org/legislators/sharon-quirk-silva-34400
James Ramos,2024,Diversity Investments,Other,"Over $100,000","PO Box 10728 San Bernardino, CA 92423","$100,001 - $1,000,000",Business entity,,,,,https://wcfweenxfcmsichcbyki.supabase.in/storage/v1/object/public/pdfs/58cdb753-c34c-4efe-9e78-f16f8b5d0559.pdf,https://digitaldemocracy.calmatters.org/legislators/james-ramos-149649
James Ramos,2023,Diversity Investments,Other,"Over $100,000","PO Box 10728 San Bernardino, CA 92 423","$100,001 - $1,000,000",Business entity,,,,,https://wcfweenxfcmsichcbyki.supabase.in/storage/v1/object/public/pdfs/cea2cc69-9491-4d17-a226-153bec4175ab.pdf,https://digitaldemocracy.calmatters.org/legislators/james-ramos-149649
James Ramos,2022,Diversity Investments,Other,"Over $100,000","PO Box 10728 San Bernardino, CA 92423","$100,001 - $1,000,000",Business entity,,,,,https://wcfweenxfcmsichcbyki.supabase.in/storage/v1/object/public/pdfs/9f5d8a80-aa3c-47a4-bea3-ad2c68fa5b8b.pdf,https://digitaldemocracy.calmatters.org/legislators/james-ramos-149649
James Ramos,2021,Diversity Investments,Other,"Over $100,000","San Bernardino, CA 92423","$100,001 - $1,000,000",Business entity,,,,,https://wcfweenxfcmsichcbyki.supabase.in/storage/v1/object/public/pdfs/4eb55a9a-0a74-4d2a-aeff-babd3304ce84.pdf,https://digitaldemocracy.calmatters.org/legislators/james-ramos-149649
Rhodesia Ransom,2024,KYR Enterprised dba Prime Time Appraisals,Sole Proprietorship,"$10,001 - $100,000","724 Billy F Freeman Lane, 95377","$10,001 - $100,000",Business entity,,,,,https://wcfweenxfcmsichcbyki.supabase.in/storage/v1/object/public/pdfs/831c8478-e210-44d9-8751-d6b6293ec42b.pdf,https://digitaldemocracy.calmatters.org/legislators/rhodesia-ransom-187419
Anthony Rendon,2023,My Lam ,Sole Proprietorship,"Over $100,000","1026 Florin Road, Suite 355, Sacramento, CA 95831","$10,001 - $100,000",Business entity,,,,,https://wcfweenxfcmsichcbyki.supabase.in/storage/v1/object/public/pdfs/07e8072a-7a91-4ad5-a880-ff9535115ef7.pdf,https://digitaldemocracy.calmatters.org/legislators/anthony-rendon-120
Anthony Rendon,2022,My Lam,Sole Proprietorship,"Over $100,000","1026 Florin Road, Ste 355, Sacramento, CA 95831","$10,001 - $100,000",Business entity,,,,,https://wcfweenxfcmsichcbyki.supabase.in/storage/v1/object/public/pdfs/17dc20e1-98f6-4505-9df1-96bb30308e43.pdf,https://digitaldemocracy.calmatters.org/legislators/anthony-rendon-120
Anthony Rendon,2021,My Lam,Sole Proprietorship,"Over $100,000","1026 Florin Road, Ste. 355, Sacramento, CA 95831","$10,001 - $100,000",Business entity,,,,,https://wcfweenxfcmsichcbyki.supabase.in/storage/v1/object/public/pdfs/cfdb9736-461f-49a7-9b91-b33b0665daba.pdf,https://digitaldemocracy.calmatters.org/legislators/anthony-rendon-120
Eloise Reyes,2024,Law Offices of Eloise Gomez Reyes,Sole Proprietorship,"$1,001 - $10,000","712 N. La Cadena Dr., Colton CA","$100,001 - $1,000,000",Business entity,,,,,https://wcfweenxfcmsichcbyki.supabase.in/storage/v1/object/public/pdfs/494cef91-3de5-4e40-aa87-c8b862865cb3.pdf,https://digitaldemocracy.calmatters.org/legislators/eloise-gómez-reyes-165418
Eloise Reyes,2023,Law Offices of Eloise Gomez Reyes,Sole Proprietorship,"$1,001 - $10,000","712 N. La Cadena Dr., Colton CA","$100,001 - $1,000,000",Business entity,,,,,https://wcfweenxfcmsichcbyki.supabase.in/storage/v1/object/public/pdfs/e990db49-88de-41cb-be33-d08d1b7de93c.pdf,https://digitaldemocracy.calmatters.org/legislators/eloise-gómez-reyes-165418
Eloise Reyes,2022,Law Offices of Eloise Gomez Reyes,Sole Proprietorship,"$1,001 - $10,000","712 N. La Cadena Dr., Colton CA","$100,001 - $1,000,000",Business entity,,,,,https://wcfweenxfcmsichcbyki.supabase.in/storage/v1/object/public/pdfs/f6544070-1185-48f1-a2e7-2f02b80270b8.pdf,https://digitaldemocracy.calmatters.org/legislators/eloise-gómez-reyes-165418
Eloise Reyes,2021,Law Offices of Eloise Gomez Reyes,Sole Proprietorship,"$10,001 - $100,000","712 N. La Cadena Dr., Colton CA","$100,001 - $1,000,000",Business entity,,,,,https://wcfweenxfcmsichcbyki.supabase.in/storage/v1/object/public/pdfs/12a663fc-e361-4822-9c0a-c1d707dedbd4.pdf,https://digitaldemocracy.calmatters.org/legislators/eloise-gómez-reyes-165418
Laura Richardson,2024,"PSG, LLC",Other,$0 - $499,"28649 S Western Ave, San Pedro, CA 90734","$100,001 - $1,000,000",Business entity,"1401 W Paseo Del Mar, San Pedro, CA 90731","Over $1,000,000",Property,Property Ownership/Deed of trust,https://wcfweenxfcmsichcbyki.supabase.in/storage/v1/object/public/pdfs/ec4f855f-cc8e-4279-bb06-d3f65910c43a.pdf,https://digitaldemocracy.calmatters.org/legislators/laura-richardson-187466
Richard Roth,2023,CGR STRATEGIES LLC (CYNTHIA G. ROTH),Other,"$10,001 - $100,000","P.O.BOX 708, RIVERSIDE, CA 92502","$2,000 - $10,000",Business entity,,,,,https://wcfweenxfcmsichcbyki.supabase.in/storage/v1/object/public/pdfs/f0b5a292-2259-4c56-9873-1bdadf9b26a6.pdf,https://digitaldemocracy.calmatters.org/legislators/richard-roth-106
Blanca Rubio,2024,"Becerra Enterprises, LLC",Sole Proprietorship,"$10,001 - $100,000",2639 Macon Drive Sacramento CA 95835,"$10,001 - $100,000",Business entity,,,,,https://wcfweenxfcmsichcbyki.supabase.in/storage/v1/object/public/pdfs/d4561b84-b3cb-49db-ae30-1cf17c9d4e0d.pdf,https://digitaldemocracy.calmatters.org/legislators/blanca-rubio-100932
Pilar Schiavo,2023,Pilar Schiavo Consulting,Sole Proprietorship,"$1,001 - $10,000","21606 Devonshire St., #4704, Chatsworth CA 91311","$0 - $1,999",Business entity,,,,,https://wcfweenxfcmsichcbyki.supabase.in/storage/v1/object/public/pdfs/dee27add-bf70-4c66-b6f1-fb35cdfb6394.pdf,https://digitaldemocracy.calmatters.org/legislators/pilar-schiavo-5510
Pilar Schiavo,2022,Pilar Schiavo Consulting,Sole Proprietorship,"$10,001 - $100,000","21606 Devonshire St., #4704, Chatsworth CA 91311","$10,001 - $100,000",Business entity,,,,,https://wcfweenxfcmsichcbyki.supabase.in/storage/v1/object/public/pdfs/8b5778c9-232d-4fa5-b2bc-80c9642389b7.pdf,https://digitaldemocracy.calmatters.org/legislators/pilar-schiavo-5510
Kelly Seyarto,2024,D. Kelly and Denise M. Seyarto Family Trust,,"$10,001 - $100,000","24071 Bearskin Circle, Murrieta, CA 92562",,Trust,"26178 C Williams Way, Murrieta, CA 92563","$100,001 - $1,000,000",Property,Property Ownership/Deed of trust,https://wcfweenxfcmsichcbyki.supabase.in/storage/v1/object/public/pdfs/d803c50b-575a-4b79-977b-8633c82e5769.pdf,https://digitaldemocracy.calmatters.org/legislators/kelly-seyarto-165446
Kelly Seyarto,2024,Murrieta Creek Tax Service,Sole Proprietorship,"$10,001 - $100,000","24071 Bearskin Circle, Murrieta, CA 92562","$10,001 - $100,000",Business entity,,,,,https://wcfweenxfcmsichcbyki.supabase.in/storage/v1/object/public/pdfs/d803c50b-575a-4b79-977b-8633c82e5769.pdf,https://digitaldemocracy.calmatters.org/legislators/kelly-seyarto-165446
Kelly Seyarto,2023,D. Kelly and Denise M. Seyarto Family Trust,,"$10,001 - $100,000","24071 Bearskin Circle, Murrieta, CA 92562",,,"26178 C Williams Way, Murrieta, CA 92563","$100,001 - $1,000,000",Property,Property Ownership/Deed of trust,https://wcfweenxfcmsichcbyki.supabase.in/storage/v1/object/public/pdfs/049e38b0-bf06-41f3-ba92-1534237468ed.pdf,https://digitaldemocracy.calmatters.org/legislators/kelly-seyarto-165446
Kelly Seyarto,2023,Murrieta Creek Tax Service,Sole Proprietorship,"$10,001 - $100,000","24071 Bearskin Circle, Murrieta, CA 92562","$10,001 - $100,000",Business entity,,,,,https://wcfweenxfcmsichcbyki.supabase.in/storage/v1/object/public/pdfs/049e38b0-bf06-41f3-ba92-1534237468ed.pdf,https://digitaldemocracy.calmatters.org/legislators/kelly-seyarto-165446
Kelly Seyarto,2022,D. Kelly and Denise M. Seyarto Family Trust,,"$10,001 - $100,000","24071 Bearskin Circle, Murrieta, CA 92562",,Trust,"26178 C Williams Way, Murrieta CA 92563","$100,001 - $1,000,000",Property,Property Ownership/Deed of trust,https://wcfweenxfcmsichcbyki.supabase.in/storage/v1/object/public/pdfs/d00805ba-61c0-4523-aa81-8c99fb4dc6cc.pdf,https://digitaldemocracy.calmatters.org/legislators/kelly-seyarto-165446
Kelly Seyarto,2022,Murrieta Creek Tax Service,Sole Proprietorship,"$10,001 - $100,000","24071 Bearskin Circle, Murrieta, CA 92562","$10,001 - $100,000",Business entity,,,,,https://wcfweenxfcmsichcbyki.supabase.in/storage/v1/object/public/pdfs/d00805ba-61c0-4523-aa81-8c99fb4dc6cc.pdf,https://digitaldemocracy.calmatters.org/legislators/kelly-seyarto-165446
Esmeralda Soria,2024,721 Broadway LLC,Sole Proprietorship,$0 - $499,"3950 N Cedar Ave, Fresno, CA 93726","$0 - $1,999",Business entity,,,,,https://wcfweenxfcmsichcbyki.supabase.in/storage/v1/object/public/pdfs/46959736-1afa-4f55-a968-beeca192286e.pdf,https://digitaldemocracy.calmatters.org/legislators/esmeralda-soria-1989
Esmeralda Soria,2024,Davis Enterprises,Partnership,$0 - $499,"3950 N Cedar Ave, Fresno, CA 93726","$10,001 - $100,000",Business entity,Gordon Biersch Brewing Company,"$10,001 - $100,000",Investment,Stock,https://wcfweenxfcmsichcbyki.supabase.in/storage/v1/object/public/pdfs/46959736-1afa-4f55-a968-beeca192286e.pdf,https://digitaldemocracy.calmatters.org/legislators/esmeralda-soria-1989
Esmeralda Soria,2024,E & L Campus Pointe Investors LP,Partnership,$0 - $499,"6485 N Palm Ave, Ste 101, Fresno, CA 93711","Over $1,000,000",Business entity,Campus Pointe Commercial LP,"Over $1,000,000",Investment,Partnership,https://wcfweenxfcmsichcbyki.supabase.in/storage/v1/object/public/pdfs/46959736-1afa-4f55-a968-beeca192286e.pdf,https://digitaldemocracy.calmatters.org/legislators/esmeralda-soria-1989
Esmeralda Soria,2024,Frazier Commercial Properties LLC,Partnership,$0 - $499,"3950 N Cedar Ave, Fresno, CA 93726","$100,001 - $1,000,000",Business entity,Noyan-Frazier Properties LLC,"Over $1,000,000",Investment,Partnership,https://wcfweenxfcmsichcbyki.supabase.in/storage/v1/object/public/pdfs/46959736-1afa-4f55-a968-beeca192286e.pdf,https://digitaldemocracy.calmatters.org/legislators/esmeralda-soria-1989
Esmeralda Soria,2024,Management Visions LLC,Sole Proprietorship,"$10,001 - $100,000","3950 N Cedar Ave, Fresno, CA 93726","$10,001 - $100,000",Business entity,Kearney & Crystal,"Over $1,000,000",Investment,Other,https://wcfweenxfcmsichcbyki.supabase.in/storage/v1/object/public/pdfs/46959736-1afa-4f55-a968-beeca192286e.pdf,https://digitaldemocracy.calmatters.org/legislators/esmeralda-soria-1989
Esmeralda Soria,2024,Zamudio-Soria & Associates Inc.,Sole Proprietorship,$0 - $499,"Fresno, CA","$0 - $1,999",Business entity,,,,,https://wcfweenxfcmsichcbyki.supabase.in/storage/v1/object/public/pdfs/46959736-1afa-4f55-a968-beeca192286e.pdf,https://digitaldemocracy.calmatters.org/legislators/esmeralda-soria-1989
Esmeralda Soria,2024,TFS Investments LLC,Other,"$10,001 - $100,000","3950 N Cedar Ave, Fresno, CA 93726","Over $1,000,000",Business entity,SEE ATTACHED,"Over $1,000,000",Property,Property Ownership/Deed of trust,https://wcfweenxfcmsichcbyki.supabase.in/storage/v1/object/public/pdfs/46959736-1afa-4f55-a968-beeca192286e.pdf,https://digitaldemocracy.calmatters.org/legislators/esmeralda-soria-1989
Esmeralda Soria,2024,The Terance Frazier Living Trust,,$0 - $499,"3950 N Cedar Ave, Fresno, CA 93726",,Trust,APN 42633225,"Over $1,000,000",Property,Partnership,https://wcfweenxfcmsichcbyki.supabase.in/storage/v1/object/public/pdfs/46959736-1afa-4f55-a968-beeca192286e.pdf,https://digitaldemocracy.calmatters.org/legislators/esmeralda-soria-1989
Esmeralda Soria,2023,The Terance Frazier Living Trust,,$0 - $499,"3950 N Cedar Ave, Fresno, CA 93726",,Trust,APN 42633225,"Over $1,000,000",Property,Partnership,https://wcfweenxfcmsichcbyki.supabase.in/storage/v1/object/public/pdfs/3450a2f5-219e-468b-aece-3b90b0afbf9e.pdf,https://digitaldemocracy.calmatters.org/legislators/esmeralda-soria-1989
Esmeralda Soria,2023,Zamudio-Soria & Associates Inc.,Sole Proprietorship,$0 - $499," Fresno, CA","$0 - $1,999",Business entity,,,--,,https://wcfweenxfcmsichcbyki.supabase.in/storage/v1/object/public/pdfs/3450a2f5-219e-468b-aece-3b90b0afbf9e.pdf,https://digitaldemocracy.calmatters.org/legislators/esmeralda-soria-1989
Esmeralda Soria,2023, Management Visions LLC,Sole Proprietorship,"$10,001 - $100,000","3950 N Cedar Ave, Fresno, CA 93726","$10,001 - $100,000",Business entity,Kearney & Crystal,"Over $1,000,000",Investment,Other,https://wcfweenxfcmsichcbyki.supabase.in/storage/v1/object/public/pdfs/3450a2f5-219e-468b-aece-3b90b0afbf9e.pdf,https://digitaldemocracy.calmatters.org/legislators/esmeralda-soria-1989
Esmeralda Soria,2023,721 Broadway LLC,Sole Proprietorship,$0 - $499,"3950 N Cedar Ave, Fresno, CA 93726","$0 - $1,999",Business entity,,,,,https://wcfweenxfcmsichcbyki.supabase.in/storage/v1/object/public/pdfs/3450a2f5-219e-468b-aece-3b90b0afbf9e.pdf,https://digitaldemocracy.calmatters.org/legislators/esmeralda-soria-1989
Esmeralda Soria,2023,E & L Campus Pointe Investors LP,Partnership,$0 - $499,"6485 N Palm Ave, Ste 101, Fresno, CA 93711","Over $1,000,000",Business entity,Campus Pointe Commercial LP,"Over $1,000,000",Investment,Partnership,https://wcfweenxfcmsichcbyki.supabase.in/storage/v1/object/public/pdfs/3450a2f5-219e-468b-aece-3b90b0afbf9e.pdf,https://digitaldemocracy.calmatters.org/legislators/esmeralda-soria-1989
Esmeralda Soria,2023,Frazier Commercial Properties LLC,Partnership,$0 - $499,"3950 N Cedar Ave, Fresno, CA 93726","$100,001 - $1,000,000",Business entity,Noyan-Frazier Properties LLC,"Over $1,000,000",Investment,Partnership,https://wcfweenxfcmsichcbyki.supabase.in/storage/v1/object/public/pdfs/3450a2f5-219e-468b-aece-3b90b0afbf9e.pdf,https://digitaldemocracy.calmatters.org/legislators/esmeralda-soria-1989
Esmeralda Soria,2023,Davis Enterprises,Partnership,$0 - $499,"3950 N Cedar Ave, Fresno, CA 93726","$10,001 - $100,000",Business entity,Gordon Biersch Brewing Company,"$10,001 - $100,000",Investment,Stock,https://wcfweenxfcmsichcbyki.supabase.in/storage/v1/object/public/pdfs/3450a2f5-219e-468b-aece-3b90b0afbf9e.pdf,https://digitaldemocracy.calmatters.org/legislators/esmeralda-soria-1989
Esmeralda Soria,2023,Noyan Frazier Capital,Partnership,$0 - $499,"685 W Alluvial Ave, Ste 101, Fresno, CA 93711","$0 - $1,999",Business entity,,,,,https://wcfweenxfcmsichcbyki.supabase.in/storage/v1/object/public/pdfs/3450a2f5-219e-468b-aece-3b90b0afbf9e.pdf,https://digitaldemocracy.calmatters.org/legislators/esmeralda-soria-1989
Esmeralda Soria,2023,TFS Investments LLC,Other,"Over $100,000","3950 N Cedar Ave, Fresno, CA 93726","Over $1,000,000",Business entity,"Berkeley, CA 94703-2323","Over $1,000,000",Property,Property Ownership/Deed of trust,https://wcfweenxfcmsichcbyki.supabase.in/storage/v1/object/public/pdfs/3450a2f5-219e-468b-aece-3b90b0afbf9e.pdf,https://digitaldemocracy.calmatters.org/legislators/esmeralda-soria-1989
Esmeralda Soria,2022,"Zamudio-Soria & Associates, Inc.",Sole Proprietorship,"$1,001 - $10,000",Fresno,"$2,000 - $10,000",Business entity,,,,,https://wcfweenxfcmsichcbyki.supabase.in/storage/v1/object/public/pdfs/8fa30295-bc17-45b5-a2ab-8966d83bec57.pdf,https://digitaldemocracy.calmatters.org/legislators/esmeralda-soria-1989
Tony Strickland,2024,MIH/Vertical Companies,Other,,"3241 Needles Hwy, Needles CA 92363","$10,001 - $100,000",Business entity,,,,,https://wcfweenxfcmsichcbyki.supabase.in/storage/v1/object/public/pdfs/0ea6d938-1b35-40e2-897c-b051dd1a789b.pdf,https://digitaldemocracy.calmatters.org/legislators/tony-strickland-188489
Tony Strickland,2024,Tony Strickland Consulting,Other,"Over $100,000",18685 Main St. STE 101-389 HUNT BCH CA 92648,"$100,001 - $1,000,000",Business entity,,,,,https://wcfweenxfcmsichcbyki.supabase.in/storage/v1/object/public/pdfs/0ea6d938-1b35-40e2-897c-b051dd1a789b.pdf,https://digitaldemocracy.calmatters.org/legislators/tony-strickland-188489
Tri Ta,2024,T-Ways,Sole Proprietorship,$0 - $499,"14101 Pacific Ave., Westminster, CA 92683","$0 - $1,999",Business entity,,,,,https://wcfweenxfcmsichcbyki.supabase.in/storage/v1/object/public/pdfs/73a26bd7-81bc-45fc-bb37-411ae23a29b1.pdf,https://digitaldemocracy.calmatters.org/legislators/tri-ta-165431
Tri Ta,2023,T-Ways,Sole Proprietorship,"$1,001 - $10,000","14101 Pacific Ave., Westminster, CA 92683","$2,000 - $10,000",Business entity,,,,,https://wcfweenxfcmsichcbyki.supabase.in/storage/v1/object/public/pdfs/19996954-77cb-4355-bd9b-91cca6ff9f8c.pdf,https://digitaldemocracy.calmatters.org/legislators/tri-ta-165431
Tri Ta,2022,T-Ways,Sole Proprietorship,"$1,001 - $10,000","13101 Pacific Ave., Westminster, CA 92683","$2,000 - $10,000",Business entity,,,,,https://wcfweenxfcmsichcbyki.supabase.in/storage/v1/object/public/pdfs/fb1526de-149b-42ba-99f9-008b96a1b21b.pdf,https://digitaldemocracy.calmatters.org/legislators/tri-ta-165431
David Tangipa,2024,David Jariustokaeutulelei Tangipa,Sole Proprietorship,$0 - $499,"4517 N John Albert, Fresno, CA 93726","$0 - $1,999",Business entity,,,,,https://wcfweenxfcmsichcbyki.supabase.in/storage/v1/object/public/pdfs/c381f250-016a-4188-8313-98a6fadcc1c0.pdf,https://digitaldemocracy.calmatters.org/legislators/david-tangipa-187432
Tom Umberg,2024,Bohica Advisors LLP,Sole Proprietorship,$0 - $499,"405 N. Broadway, Suite B Santa Ana, CA 92701","$0 - $1,999",Business entity,,,,,https://wcfweenxfcmsichcbyki.supabase.in/storage/v1/object/public/pdfs/9099aa7b-17b8-4372-9b32-5e582007a2c9.pdf,https://digitaldemocracy.calmatters.org/legislators/thomas-umberg-165043
Tom Umberg,2024,Umberg Zipser LLP,Partnership,"Over $100,000","1920 Main Street, #750 Irvine CA 92614","Over $1,000,000",Business entity,,,,,https://wcfweenxfcmsichcbyki.supabase.in/storage/v1/object/public/pdfs/9099aa7b-17b8-4372-9b32-5e582007a2c9.pdf,https://digitaldemocracy.calmatters.org/legislators/thomas-umberg-165043
Tom Umberg,2023,Bohica Advisors LLP,Sole Proprietorship,$0 - $499,"405 N. Broadway, Suite B Santa Ana, CA 92701","$0 - $1,999",Business entity,,,,,https://wcfweenxfcmsichcbyki.supabase.in/storage/v1/object/public/pdfs/947f012f-d19b-48df-9537-0bf7cce88026.pdf,https://digitaldemocracy.calmatters.org/legislators/thomas-umberg-165043
Tom Umberg,2023,Umberg Zipser LLP,Partnership,"Over $100,000","1920 Main Street, #750 Irvine CA 92614","Over $1,000,000",Business entity,,,,,https://wcfweenxfcmsichcbyki.supabase.in/storage/v1/object/public/pdfs/947f012f-d19b-48df-9537-0bf7cce88026.pdf,https://digitaldemocracy.calmatters.org/legislators/thomas-umberg-165043
Tom Umberg,2022,Umberg Zipser LLP,Partnership,"Over $100,000","1920 Main Street, #750 Irvine CA 92614","Over $1,000,000",Business entity,,,,,https://wcfweenxfcmsichcbyki.supabase.in/storage/v1/object/public/pdfs/8527ae8f-04bb-4ddf-933a-dc5da3702ddb.pdf,https://digitaldemocracy.calmatters.org/legislators/thomas-umberg-165043
Tom Umberg,2022,Bohica Advisors LLP,Sole Proprietorship,"$1,001 - $10,000","405 N. Broadway, Suite B Santa Ana, CA 92701","$0 - $1,999",Business entity,,,,,https://wcfweenxfcmsichcbyki.supabase.in/storage/v1/object/public/pdfs/8527ae8f-04bb-4ddf-933a-dc5da3702ddb.pdf,https://digitaldemocracy.calmatters.org/legislators/thomas-umberg-165043
Tom Umberg,2021,Umberg Zipser LLP,Partnership,"Over $100,000","1920 Main St. #750 Irvine, CA 92614","Over $1,000,000",Business entity,,,,,https://wcfweenxfcmsichcbyki.supabase.in/storage/v1/object/public/pdfs/e55495eb-2b56-4076-90a1-017b9fa9e22b.pdf,https://digitaldemocracy.calmatters.org/legislators/thomas-umberg-165043
Tom Umberg,2021,Bohica Advisors LLP,Sole Proprietorship,"$10,001 - $100,000",10172 Squires Villa Park,"$0 - $1,999",Business entity,,,,,https://wcfweenxfcmsichcbyki.supabase.in/storage/v1/object/public/pdfs/e55495eb-2b56-4076-90a1-017b9fa9e22b.pdf,https://digitaldemocracy.calmatters.org/legislators/thomas-umberg-165043
Carlos Villapudua,2023,Villapudua Consulting Services,Other,"$10,001 - $100,000","1252 Heavenly Cr. Stockton, CA 95209","$10,001 - $100,000",Business entity,,,,,https://wcfweenxfcmsichcbyki.supabase.in/storage/v1/object/public/pdfs/8edc410f-baab-43a2-a351-a848e7310c69.pdf,https://digitaldemocracy.calmatters.org/legislators/carlos-villapudua-165447
Carlos Villapudua,2023,Edith Villapudua,Sole Proprietorship,"$10,001 - $100,000","1252 Heavenly Circle Stockton, CA 95209","$10,001 - $100,000",Business entity,,,,,https://wcfweenxfcmsichcbyki.supabase.in/storage/v1/object/public/pdfs/8edc410f-baab-43a2-a351-a848e7310c69.pdf,https://digitaldemocracy.calmatters.org/legislators/carlos-villapudua-165447
Carlos Villapudua,2022,San Joaquin Public Guardian/Conservator,Other,"$1,001 - $10,000","1212 N. California Street, Stockton, CA 95202","$10,001 - $100,000",Business entity,,,,,https://wcfweenxfcmsichcbyki.supabase.in/storage/v1/object/public/pdfs/e7a61032-c4c3-4e1a-935c-54d1d151d1f9.pdf,https://digitaldemocracy.calmatters.org/legislators/carlos-villapudua-165447
Carlos Villapudua,2022,Villapudua Consulting Services ,Other,"Over $100,000","1252 Heavenly Cr. Stockton, CA 95209","$10,001 - $100,000",Business entity,,,,,https://wcfweenxfcmsichcbyki.supabase.in/storage/v1/object/public/pdfs/e7a61032-c4c3-4e1a-935c-54d1d151d1f9.pdf,https://digitaldemocracy.calmatters.org/legislators/carlos-villapudua-165447
Marie Waldron,2023,Waldron Enterprises LLC,Partnership,"$10,001 - $100,000","P.O. Box 300887, Escondido CA 92030","$2,000 - $10,000",Business entity,,,,,https://wcfweenxfcmsichcbyki.supabase.in/storage/v1/object/public/pdfs/8a601064-1534-4179-9681-f1aa02faafe7.pdf,https://digitaldemocracy.calmatters.org/legislators/marie-waldron-29
Marie Waldron,2022,Waldron Enterprises LLC,Partnership,"$10,001 - $100,000","P.O. Box 300887, Escondido CA 92030","$2,000 - $10,000",Business entity,,,,,https://wcfweenxfcmsichcbyki.supabase.in/storage/v1/object/public/pdfs/eabd7aeb-88ee-481d-9d4e-a7e215bb665e.pdf,https://digitaldemocracy.calmatters.org/legislators/marie-waldron-29
Buffy Wicks,2024,Rise Strategies,Sole Proprietorship,"Over $100,000","6225 Hillegass Ave, Oakland CA 94618","$0 - $1,999",Business entity,,,,,https://wcfweenxfcmsichcbyki.supabase.in/storage/v1/object/public/pdfs/dde00850-eeee-4c59-bdb8-8a5975d9194c.pdf,https://digitaldemocracy.calmatters.org/legislators/buffy-wicks-165044
Buffy Wicks,2023,Rise Strategies,Sole Proprietorship,"Over $100,000","6225 Hillegass Ave, Oakland CA 94618","$0 - $1,999",Business entity,,,,,https://wcfweenxfcmsichcbyki.supabase.in/storage/v1/object/public/pdfs/f63754ca-ac4e-4572-aca6-5128d2951d6a.pdf,https://digitaldemocracy.calmatters.org/legislators/buffy-wicks-165044
Buffy Wicks,2022,Rise Strategies,Sole Proprietorship,"Over $100,000","6225 Hillegass Ave, Oakland CA 94618","$0 - $1,999",Business entity,,,,,https://wcfweenxfcmsichcbyki.supabase.in/storage/v1/object/public/pdfs/cc8b802e-06a9-49b8-9989-8f47a9d59dd8.pdf,https://digitaldemocracy.calmatters.org/legislators/buffy-wicks-165044
Buffy Wicks,2021,Rise Strategies,Sole Proprietorship,"Over $100,000","6225 Hillegass Ave, Oakland CA 94618","$0 - $1,999",Business entity,,,,,https://wcfweenxfcmsichcbyki.supabase.in/storage/v1/object/public/pdfs/5a23fc50-b7b7-4423-93e7-f5e185f16370.pdf,https://digitaldemocracy.calmatters.org/legislators/buffy-wicks-165044
Jim Wood,2023,"James D. Wood, DDS",Sole Proprietorship,"$1,001 - $10,000","1724 Canyon Run, Healdsburg CA 95448","$0 - $1,999",Business entity,,,,,https://wcfweenxfcmsichcbyki.supabase.in/storage/v1/object/public/pdfs/016a46f4-a895-407d-bb34-27524ca2f40c.pdf,https://digitaldemocracy.calmatters.org/legislators/jim-wood-72
Jim Wood,2023,TAG Film,Sole Proprietorship,"Over $100,000","1724 Canyon Run, Healdsburg, CA 95448","$100,001 - $1,000,000",Business entity,,,,,https://wcfweenxfcmsichcbyki.supabase.in/storage/v1/object/public/pdfs/016a46f4-a895-407d-bb34-27524ca2f40c.pdf,https://digitaldemocracy.calmatters.org/legislators/jim-wood-72
Jim Wood,2022,"James D. Wood, DDS",Sole Proprietorship,"$1,001 - $10,000","1724 Canyon Run, Healdsburg, CA 95448","$2,000 - $10,000",Business entity,,,,,https://wcfweenxfcmsichcbyki.supabase.in/storage/v1/object/public/pdfs/70124ca1-9e79-453c-8b98-93928fc43a96.pdf,https://digitaldemocracy.calmatters.org/legislators/jim-wood-72
Rick Zbur,2024,ZBUR FAMILY TRUST,,"Over $100,000","P.O. BOX 942849, SACRAMENTO, CA 94249",,Trust,505083012 LOT 42 MB032/045 VISTA LAS PALMAS 1,"Over $1,000,000",,Property Ownership/Deed of trust,https://wcfweenxfcmsichcbyki.supabase.in/storage/v1/object/public/pdfs/fedbdbf1-1f6d-46ee-bc89-d98e3db8b1bc.pdf,https://digitaldemocracy.calmatters.org/legislators/rick-chavez-zbur-165429
Rick Zbur,2023,ZBUR FAMILY TRUST,,"Over $100,000","P.O. BOX 942849, SACRAMENTO, CA 94249",,Trust,505083012 LOT 42 MB032/045 VISTA LAS PALMAS 1,"Over $1,000,000",Property,Property Ownership/Deed of trust,https://wcfweenxfcmsichcbyki.supabase.in/storage/v1/object/public/pdfs/59ca2a97-4e91-45e5-bdb7-f4c7cf56ab57.pdf,https://digitaldemocracy.calmatters.org/legislators/rick-chavez-zbur-165429
Rick Zbur,2022,ZBUR FAMILY TRUST,,"Over $100,000","P.O. BOX 942849, SACRAMENTO, CA 94249",,Trust,505083012 L0T42 MB032/045 VISTA LAS PALMAS 1 ,"Over $1,000,000",Property,,https://wcfweenxfcmsichcbyki.supabase.in/storage/v1/object/public/pdfs/635dbf27-cc52-4776-9119-160645f04bab.pdf,https://digitaldemocracy.calmatters.org/legislators/rick-chavez-zbur-165429